-- Class 1 - Mechanics
-- Assignments:
-- 	- Unsubmitted (Future Deadline)
-- 	- Submitted (Deadline passed and work, reviews open)
-- 	- Missed (Deadline passed but no work, reviews open)
-- 	- Submitted (Deadline and Review Deadline passed)
-- 	- Submitted Non-anonymous (Deadline passed)
-- 	- Unsubmitted (No Deadline)
-- 	- Unsubmitted (No Deadline and No Reviews Deadline)

-- Class 2 - Aerospace Engineering
-- Assignments:
-- 	- No Deadline and No Reviews Deadline
-- 	- No Deadline
-- 	- Future Deadline
-- 	- Deadline passed, reviews open
-- 	- Deadline and Review Deadline passed

-- WorkIDs for each assignment:
-- AssignmentID 2 (Rating Max: 100): 22, 15, 50, 8, 2, 44, 19, 28, 47, 39, 27, 33
-- AssignmentID 3 (Rating Max: 10): 39, 10, 15, 29, 27, 6, 8, 22, 24
-- AssignmentID 4 (Rating Max: 100): 27, 4, 32, 34, 24, 26, 9, 38, 25, 35, 10
-- AssignmentID 5 (Rating Max: 5): 39, 28, 35, 4, 22, 6, 25, 10, 15, 47, 24, 29, 38, 9, 19, 21, 44, 30
-- AssignmentID 6 (Rating Max: 5): 13, 16, 38, 43, 32, 48, 19, 28
-- AssignmentID 7 (Rating Max: 10): 15, 32, 22, 29, 19, 4, 43, 34, 44, 45, 16
-- AssignmentID 8 (Rating Max: 100): 4, 15, 39, 47, 26, 33, 22, 29, 45, 38, 35, 16
-- AssignmentID 9 (Rating Max: 10): 32, 30, 9, 34, 38, 28, 27, 4, 29, 33, 39, 15, 6
-- AssignmentID 11 (Rating Max: 100): 27, 9, 8, 32, 16, 29, 15, 45, 38, 39, 35, 22
-- AssignmentID 12 (Rating Max: 100): 25, 47, 33, 28, 27, 32, 26, 8, 15, 34, 39, 30

insert into usr (email, fname, lname, avatar_mimetype) values ('jhaddock0@usa.gov', 'Jerry', 'Haddock', 'image/png');
insert into usr (email, fname, lname, avatar_mimetype) values ('jpenton1@privacy.gov.au', 'Jesse', 'Penton', 'image/png');
insert into usr (email, fname, lname, avatar_mimetype) values ('fterbrug2@wikispaces.com', 'Florencia', 'Terbrug', 'image/png');
insert into usr (email, fname, lname, avatar_mimetype) values ('fgalle3@ox.ac.uk', 'Farris', 'Galle', 'image/png');
insert into usr (email, fname, lname, avatar_mimetype) values ('mpaddeley4@networkadvertising.org', 'Maddy', 'Paddeley', 'image/png');
insert into usr (email, fname, lname, avatar_mimetype) values ('nremington5@g.co', 'Neely', 'Remington', 'image/png');
insert into usr (email, fname, lname, avatar_mimetype) values ('glibbe6@webeden.co.uk', 'Gloriana', 'Libbe', 'image/png');
insert into usr (email, fname, lname, avatar_mimetype) values ('joxtaby7@discuz.net', 'Jacky', 'Oxtaby', 'image/png');
insert into usr (email, fname, lname, avatar_mimetype) values ('mcarn8@google.com', 'Moises', 'Carn', 'image/png');
insert into usr (email, fname, lname, avatar_mimetype) values ('rzuan9@marriott.com', 'Rolph', 'Zuan', 'image/png');
insert into usr (email, fname, lname, avatar_mimetype) values ('sgoldhilla@google.ru', 'Sargent', 'Goldhill', 'image/png');
insert into usr (email, fname, lname, avatar_mimetype) values ('ddearloveb@google.com', 'Devland', 'Dearlove', 'image/png');
insert into usr (email, fname, lname, avatar_mimetype) values ('bbrechec@mail.ru', 'Bartholemy', 'Breche', 'image/png');
insert into usr (email, fname, lname, avatar_mimetype) values ('chardaged@state.gov', 'Candice', 'Hardage', 'image/png');
insert into usr (email, fname, lname, avatar_mimetype) values ('thamsone@squidoo.com', 'Teddy', 'Hamson', 'image/png');
insert into usr (email, fname, lname, avatar_mimetype) values ('kferridayf@moonfruit.com', 'Kelby', 'Ferriday', 'image/png');
insert into usr (email, fname, lname, avatar_mimetype) values ('ptocquevilleg@ebay.co.uk', 'Peri', 'Tocqueville', 'image/png');
insert into usr (email, fname, lname, avatar_mimetype) values ('dmcneiceh@deliciousdays.com', 'Dewey', 'McNeice', 'image/png');
insert into usr (email, fname, lname, avatar_mimetype) values ('jkitcheneri@comcast.net', 'Jolene', 'Kitchener', 'image/png');
insert into usr (email, fname, lname, avatar_mimetype) values ('tshergoldj@jigsy.com', 'Tania', 'Shergold', 'image/png');
insert into usr (email, fname, lname, avatar_mimetype) values ('rmangeotk@noaa.gov', 'Rickert', 'Mangeot', 'image/png');
insert into usr (email, fname, lname, avatar_mimetype) values ('mbanatl@paypal.com', 'Marc', 'Banat', 'image/png');
insert into usr (email, fname, lname, avatar_mimetype) values ('dbowrym@alibaba.com', 'Denny', 'Bowry', 'image/png');
insert into usr (email, fname, lname, avatar_mimetype) values ('sfilochovn@miitbeian.gov.cn', 'Shannan', 'Filochov', 'image/png');
insert into usr (email, fname, lname, avatar_mimetype) values ('jkernoghano@mashable.com', 'Jordana', 'Kernoghan', 'image/png');
insert into usr (email, fname, lname, avatar_mimetype) values ('edagnanp@loc.gov', 'Ernaline', 'Dagnan', 'image/png');
insert into usr (email, fname, lname, avatar_mimetype) values ('tvittleq@dailymail.co.uk', 'Talbot', 'Vittle', 'image/png');
insert into usr (email, fname, lname, avatar_mimetype) values ('cgouldr@newyorker.com', 'Corney', 'Gould', 'image/png');
insert into usr (email, fname, lname, avatar_mimetype) values ('etaffies@123-reg.co.uk', 'Eleonora', 'Taffie', 'image/png');
insert into usr (email, fname, lname, avatar_mimetype) values ('adocwrat@macromedia.com', 'Andres', 'Docwra', 'image/png');
insert into usr (email, fname, lname, avatar_mimetype) values ('rpennoneu@fema.gov', 'Rik', 'Pennone', 'image/png');
insert into usr (email, fname, lname, avatar_mimetype) values ('dbolstridgev@marriott.com', 'Dolli', 'Bolstridge', 'image/png');
insert into usr (email, fname, lname, avatar_mimetype) values ('droddaw@about.com', 'Dian', 'Rodda', 'image/png');
insert into usr (email, fname, lname, avatar_mimetype) values ('gklessmannx@globo.com', 'Genny', 'Klessmann', 'image/png');
insert into usr (email, fname, lname, avatar_mimetype) values ('rartery@exblog.jp', 'Rutter', 'Arter', 'image/png');
insert into usr (email, fname, lname, avatar_mimetype) values ('ndobbinsonz@prlog.org', 'Nolana', 'Dobbinson', 'image/png');
insert into usr (email, fname, lname, avatar_mimetype) values ('parkin10@google.cn', 'Pooh', 'Arkin', 'image/png');
insert into usr (email, fname, lname, avatar_mimetype) values ('lscarre11@ovh.net', 'Lexis', 'Scarre', 'image/png');
insert into usr (email, fname, lname, avatar_mimetype) values ('cleys12@usda.gov', 'Clea', 'Leys', 'image/png');
insert into usr (email, fname, lname, avatar_mimetype) values ('asalisbury13@constantcontact.com', 'Antons', 'Salisbury', 'image/png');
insert into usr (email, fname, lname, avatar_mimetype) values ('sgaw14@cpanel.net', 'Storm', 'Gaw', 'image/png');
insert into usr (email, fname, lname, avatar_mimetype) values ('kvigrass15@twitpic.com', 'Kingsley', 'Vigrass', 'image/png');
insert into usr (email, fname, lname, avatar_mimetype) values ('awhitta16@businesswire.com', 'Aloin', 'Whitta', 'image/png');
insert into usr (email, fname, lname, avatar_mimetype) values ('lhubbocks17@cargocollective.com', 'Laney', 'Hubbocks', 'image/png');
insert into usr (email, fname, lname, avatar_mimetype) values ('nrowlands18@slashdot.org', 'Nealy', 'Rowlands', 'image/png');
insert into usr (email, fname, lname, avatar_mimetype) values ('dstatefield19@delicious.com', 'Deena', 'Statefield', 'image/png');
insert into usr (email, fname, lname, avatar_mimetype) values ('mduckworth1a@state.gov', 'Marcelline', 'Duckworth', 'image/png');
insert into usr (email, fname, lname, avatar_mimetype) values ('gtice1b@wix.com', 'Greg', 'Tice', 'image/png');
insert into usr (email, fname, lname, avatar_mimetype) values ('bjeyes1c@senate.gov', 'Brice', 'Jeyes', 'image/png');
insert into usr (email, fname, lname, avatar_mimetype) values ('ebackhouse1d@geocities.jp', 'Enrichetta', 'Backhouse', 'image/png');

insert into class (ownerID, name, short_name, description, avatar_mimetype) values (2, 'Mechanical Engineering', 'mechanical-engineering', '', 'image/png');
insert into class (ownerID, name, short_name, description, avatar_mimetype) values (1, 'Aerospace Engineering', 'aerospace-engineering', '', 'image/png');

insert into class_usr (classID, userID) values (1, 1);
insert into class_usr (classID, userID) values (2, 1);
insert into class_usr (classID, userID) values (2, 16);
insert into class_usr (classID, userID) values (2, 26);
insert into class_usr (classID, userID) values (2, 29);
insert into class_usr (classID, userID) values (2, 32);
insert into class_usr (classID, userID) values (1, 26);
insert into class_usr (classID, userID) values (1, 47);
insert into class_usr (classID, userID) values (2, 38);
insert into class_usr (classID, userID) values (2, 35);
insert into class_usr (classID, userID) values (2, 4);
insert into class_usr (classID, userID) values (2, 30);
insert into class_usr (classID, userID) values (1, 21);
insert into class_usr (classID, userID) values (2, 47);
insert into class_usr (classID, userID) values (1, 10);
insert into class_usr (classID, userID) values (2, 6);
insert into class_usr (classID, userID) values (1, 8);
insert into class_usr (classID, userID) values (1, 50);
insert into class_usr (classID, userID) values (2, 15);
insert into class_usr (classID, userID) values (2, 25);
insert into class_usr (classID, userID) values (1, 30);
insert into class_usr (classID, userID) values (1, 32);
insert into class_usr (classID, userID) values (1, 29);
insert into class_usr (classID, userID) values (1, 44);
insert into class_usr (classID, userID) values (1, 24);
insert into class_usr (classID, userID) values (2, 22);
insert into class_usr (classID, userID) values (1, 38);
insert into class_usr (classID, userID) values (1, 25);
insert into class_usr (classID, userID) values (2, 39);
insert into class_usr (classID, userID) values (2, 34);
insert into class_usr (classID, userID) values (2, 8);
insert into class_usr (classID, userID) values (1, 22);
insert into class_usr (classID, userID) values (1, 19);
insert into class_usr (classID, userID) values (1, 2);
insert into class_usr (classID, userID) values (1, 43);
insert into class_usr (classID, userID) values (1, 48);
insert into class_usr (classID, userID) values (2, 28);
insert into class_usr (classID, userID) values (1, 20);
insert into class_usr (classID, userID) values (1, 45);
insert into class_usr (classID, userID) values (1, 13);
insert into class_usr (classID, userID) values (2, 9);
insert into class_usr (classID, userID) values (2, 27);
insert into class_usr (classID, userID) values (2, 33);
insert into class_usr (classID, userID) values (2, 45);
insert into class_usr (classID, userID) values (2, 2);

insert into assignment (classID, short_name, name, description, deadline, anonymous, min_reviews, rating_max, reviews_deadline) values (1, 'electronics', 'Electronics', 'Assignment with a future deadline and no work submitted yet.', '2021-05-25 23:00:00', 'true', 5, 100, '2021-06-01 23:00:00');
insert into assignment (classID, short_name, name, description, deadline, anonymous, min_reviews, rating_max, reviews_deadline) values (1, 'mathematical-principles', 'Mathematical Principles', 'Assignment with a passed deadline and submitted work, reviews are open.', '2021-04-05 23:00:00', 'true', 10, 100, '2021-06-01 23:00:00');
insert into assignment (classID, short_name, name, description, deadline, anonymous, min_reviews, rating_max, reviews_deadline) values (1, 'computer-aided-engineering', 'Computer Aided Engineering', 'Assignment with a passed deadline and no work was submitted, reviews are open.', '2021-04-05 23:00:00', 'true', 5, 10, '2021-06-08 23:00:00');
insert into assignment (classID, short_name, name, description, deadline, anonymous, min_reviews, rating_max, reviews_deadline) values (1, 'thermodynamics-and-fluid-mechanics', 'Thermodynamics and Fluid Mechanics', 'Assignment with a passed deadline and submitted work, reviews are open and not anonymous.', '2021-04-05 23:00:00', 'false', 10, 100, '2021-06-11 23:00:00');
insert into assignment (classID, short_name, name, description, deadline, anonymous, min_reviews, rating_max, reviews_deadline) values (1, 'solid-mechanics-and-dynamics', 'Solid Mechanics And Dynamics', 'Assignment with a passed deadline and reviews deadline, with work and reviews submitted.', '2021-04-05 23:00:00', 'true', 10, 5, '2021-04-12 23:00:00');
insert into assignment (classID, short_name, name, description, deadline, anonymous, min_reviews, rating_max, reviews_deadline) values (1, 'engineering-programming', 'Engineering Programming', 'Assignment with no deadline and a reviews deadline, with no work submitted yet.', null, 'true', 5, 5, '2021-06-09 23:00:00');
insert into assignment (classID, short_name, name, description, deadline, anonymous, min_reviews, rating_max, reviews_deadline) values (1, 'sustainable-development', 'Sustainable Development', 'Assignment with no deadline and no reviews deadline, with no work submitted yet.', null, 'true', 10, 10, null);
insert into assignment (classID, short_name, name, description, deadline, anonymous, min_reviews, rating_max, reviews_deadline) values (2, 'advanced-airframe-structures', 'Advanced Airframe Structures', 'Assignment with no deadline and no reviews deadline.', null, 'true', 5, 100, null);
insert into assignment (classID, short_name, name, description, deadline, anonymous, min_reviews, rating_max, reviews_deadline) values (2, 'flight-dynamics-and-control', 'Flight Dynamics and Control', 'Assignment with no deadline and a reviews deadline.', null, 'true', 5, 10, '2021-06-09 23:00:00');
insert into assignment (classID, short_name, name, description, deadline, anonymous, min_reviews, rating_max, reviews_deadline) values (2, 'fluid-structure-interaction', 'Fluid-Structure Interaction', 'Assignment with a future deadline and reviews deadline.', '2021-05-25 23:00:00', 'true', 10, 5, '2021-06-08 23:00:00');
insert into assignment (classID, short_name, name, description, deadline, anonymous, min_reviews, rating_max, reviews_deadline) values (2, 'simulation-based-design', 'Simulation Based Design', 'Assignment with a passed deadline and future reviews deadline.', '2021-04-05 23:00:00', 'true', 10, 100, '2021-06-01 23:00:00');
insert into assignment (classID, short_name, name, description, deadline, anonymous, min_reviews, rating_max, reviews_deadline) values (2, 'advanced-aerodynamics', 'Advanced Aerodynamics', 'Assignment with a passed deadline and reviews deadline.', '2021-04-05 23:00:00', 'true', 5, 100, '2021-04-10 23:00:00');

insert into work (userID, assignmentID, value, type) values (1, 2, 'https://random.dog/', 'url');
insert into work (userID, assignmentID, value, type) values (1, 4, 'https://random.dog/', 'url');
insert into work (userID, assignmentID, value, type) values (1, 5, 'https://random.dog/', 'url');

insert into work (userID, assignmentID, value, type) values (20, 1, 'https://random.dog/', 'url');
insert into work (userID, assignmentID, value, type) values (38, 6, 'https://random.dog/', 'url');
insert into work (userID, assignmentID, value, type) values (44, 1, 'https://random.dog/', 'url');
insert into work (userID, assignmentID, value, type) values (39, 5, 'https://random.dog/', 'url');
insert into work (userID, assignmentID, value, type) values (38, 4, 'https://random.dog/', 'url');
insert into work (userID, assignmentID, value, type) values (22, 2, 'https://random.dog/', 'url');
insert into work (userID, assignmentID, value, type) values (6, 1, 'https://random.dog/', 'url');
insert into work (userID, assignmentID, value, type) values (24, 5, 'https://random.dog/', 'url');
insert into work (userID, assignmentID, value, type) values (24, 3, 'https://random.dog/', 'url');
insert into work (userID, assignmentID, value, type) values (27, 4, 'https://random.dog/', 'url');
insert into work (userID, assignmentID, value, type) values (33, 2, 'https://random.dog/', 'url');
insert into work (userID, assignmentID, value, type) values (4, 4, 'https://random.dog/', 'url');
insert into work (userID, assignmentID, value, type) values (22, 7, 'https://random.dog/', 'url');
insert into work (userID, assignmentID, value, type) values (6, 5, 'https://random.dog/', 'url');
insert into work (userID, assignmentID, value, type) values (27, 3, 'https://random.dog/', 'url');
insert into work (userID, assignmentID, value, type) values (47, 2, 'https://random.dog/', 'url');
insert into work (userID, assignmentID, value, type) values (45, 7, 'https://random.dog/', 'url');
insert into work (userID, assignmentID, value, type) values (21, 1, 'https://random.dog/', 'url');
insert into work (userID, assignmentID, value, type) values (24, 1, 'https://random.dog/', 'url');
insert into work (userID, assignmentID, value, type) values (35, 5, 'https://random.dog/', 'url');
insert into work (userID, assignmentID, value, type) values (21, 5, 'https://random.dog/', 'url');
insert into work (userID, assignmentID, value, type) values (26, 4, 'https://random.dog/', 'url');
insert into work (userID, assignmentID, value, type) values (10, 5, 'https://random.dog/', 'url');
insert into work (userID, assignmentID, value, type) values (22, 3, 'https://random.dog/', 'url');
insert into work (userID, assignmentID, value, type) values (28, 2, 'https://random.dog/', 'url');
insert into work (userID, assignmentID, value, type) values (16, 1, 'https://random.dog/', 'url');
insert into work (userID, assignmentID, value, type) values (29, 7, 'https://random.dog/', 'url');
insert into work (userID, assignmentID, value, type) values (34, 4, 'https://random.dog/', 'url');
insert into work (userID, assignmentID, value, type) values (15, 5, 'https://random.dog/', 'url');
insert into work (userID, assignmentID, value, type) values (15, 7, 'https://random.dog/', 'url');
insert into work (userID, assignmentID, value, type) values (22, 5, 'https://random.dog/', 'url');
insert into work (userID, assignmentID, value, type) values (38, 5, 'https://random.dog/', 'url');
insert into work (userID, assignmentID, value, type) values (32, 7, 'https://random.dog/', 'url');
insert into work (userID, assignmentID, value, type) values (19, 1, 'https://random.dog/', 'url');
insert into work (userID, assignmentID, value, type) values (34, 7, 'https://random.dog/', 'url');
insert into work (userID, assignmentID, value, type) values (44, 2, 'https://random.dog/', 'url');
insert into work (userID, assignmentID, value, type) values (6, 3, 'https://random.dog/', 'url');
insert into work (userID, assignmentID, value, type) values (8, 2, 'https://random.dog/', 'url');
insert into work (userID, assignmentID, value, type) values (25, 5, 'https://random.dog/', 'url');
insert into work (userID, assignmentID, value, type) values (28, 1, 'https://random.dog/', 'url');
insert into work (userID, assignmentID, value, type) values (15, 2, 'https://random.dog/', 'url');
insert into work (userID, assignmentID, value, type) values (32, 1, 'https://random.dog/', 'url');
insert into work (userID, assignmentID, value, type) values (19, 5, 'https://random.dog/', 'url');
insert into work (userID, assignmentID, value, type) values (28, 5, 'https://random.dog/', 'url');
insert into work (userID, assignmentID, value, type) values (16, 6, 'https://random.dog/', 'url');
insert into work (userID, assignmentID, value, type) values (32, 6, 'https://random.dog/', 'url');
insert into work (userID, assignmentID, value, type) values (35, 1, 'https://random.dog/', 'url');
insert into work (userID, assignmentID, value, type) values (44, 5, 'https://random.dog/', 'url');
insert into work (userID, assignmentID, value, type) values (16, 7, 'https://random.dog/', 'url');
insert into work (userID, assignmentID, value, type) values (47, 5, 'https://random.dog/', 'url');
insert into work (userID, assignmentID, value, type) values (29, 3, 'https://random.dog/', 'url');
insert into work (userID, assignmentID, value, type) values (2, 2, 'https://random.dog/', 'url');
insert into work (userID, assignmentID, value, type) values (19, 7, 'https://random.dog/', 'url');
insert into work (userID, assignmentID, value, type) values (50, 2, 'https://random.dog/', 'url');
insert into work (userID, assignmentID, value, type) values (19, 2, 'https://random.dog/', 'url');
insert into work (userID, assignmentID, value, type) values (44, 7, 'https://random.dog/', 'url');
insert into work (userID, assignmentID, value, type) values (13, 6, 'https://random.dog/', 'url');
insert into work (userID, assignmentID, value, type) values (24, 4, 'https://random.dog/', 'url');
insert into work (userID, assignmentID, value, type) values (25, 4, 'https://random.dog/', 'url');
insert into work (userID, assignmentID, value, type) values (8, 3, 'https://random.dog/', 'url');
insert into work (userID, assignmentID, value, type) values (10, 1, 'https://random.dog/', 'url');
insert into work (userID, assignmentID, value, type) values (28, 6, 'https://random.dog/', 'url');
insert into work (userID, assignmentID, value, type) values (8, 1, 'https://random.dog/', 'url');
insert into work (userID, assignmentID, value, type) values (9, 5, 'https://random.dog/', 'url');
insert into work (userID, assignmentID, value, type) values (4, 7, 'https://random.dog/', 'url');
insert into work (userID, assignmentID, value, type) values (30, 5, 'https://random.dog/', 'url');
insert into work (userID, assignmentID, value, type) values (4, 5, 'https://random.dog/', 'url');
insert into work (userID, assignmentID, value, type) values (15, 3, 'https://random.dog/', 'url');
insert into work (userID, assignmentID, value, type) values (38, 1, 'https://random.dog/', 'url');
insert into work (userID, assignmentID, value, type) values (9, 1, 'https://random.dog/', 'url');
insert into work (userID, assignmentID, value, type) values (19, 6, 'https://random.dog/', 'url');
insert into work (userID, assignmentID, value, type) values (32, 4, 'https://random.dog/', 'url');
insert into work (userID, assignmentID, value, type) values (48, 6, 'https://random.dog/', 'url');
insert into work (userID, assignmentID, value, type) values (35, 4, 'https://random.dog/', 'url');
insert into work (userID, assignmentID, value, type) values (43, 6, 'https://random.dog/', 'url');
insert into work (userID, assignmentID, value, type) values (10, 3, 'https://random.dog/', 'url');
insert into work (userID, assignmentID, value, type) values (29, 5, 'https://random.dog/', 'url');
insert into work (userID, assignmentID, value, type) values (9, 4, 'https://random.dog/', 'url');
insert into work (userID, assignmentID, value, type) values (15, 1, 'https://random.dog/', 'url');
insert into work (userID, assignmentID, value, type) values (39, 1, 'https://random.dog/', 'url');
insert into work (userID, assignmentID, value, type) values (43, 7, 'https://random.dog/', 'url');
insert into work (userID, assignmentID, value, type) values (27, 2, 'https://random.dog/', 'url');
insert into work (userID, assignmentID, value, type) values (10, 4, 'https://random.dog/', 'url');
insert into work (userID, assignmentID, value, type) values (39, 2, 'https://random.dog/', 'url');
insert into work (userID, assignmentID, value, type) values (39, 3, 'https://random.dog/', 'url');

insert into work (userID, assignmentID, value, type) values (22, 8, 'https://random.dog/', 'url');
insert into work (userID, assignmentID, value, type) values (28, 12, 'https://random.dog/', 'url');
insert into work (userID, assignmentID, value, type) values (33, 8, 'https://random.dog/', 'url');
insert into work (userID, assignmentID, value, type) values (9, 11, 'https://random.dog/', 'url');
insert into work (userID, assignmentID, value, type) values (30, 10, 'https://random.dog/', 'url');
insert into work (userID, assignmentID, value, type) values (22, 11, 'https://random.dog/', 'url');
insert into work (userID, assignmentID, value, type) values (45, 11, 'https://random.dog/', 'url');
insert into work (userID, assignmentID, value, type) values (38, 8, 'https://random.dog/', 'url');
insert into work (userID, assignmentID, value, type) values (15, 9, 'https://random.dog/', 'url');
insert into work (userID, assignmentID, value, type) values (16, 11, 'https://random.dog/', 'url');
insert into work (userID, assignmentID, value, type) values (29, 11, 'https://random.dog/', 'url');
insert into work (userID, assignmentID, value, type) values (6, 9, 'https://random.dog/', 'url');
insert into work (userID, assignmentID, value, type) values (4, 9, 'https://random.dog/', 'url');
insert into work (userID, assignmentID, value, type) values (34, 10, 'https://random.dog/', 'url');
insert into work (userID, assignmentID, value, type) values (45, 10, 'https://random.dog/', 'url');
insert into work (userID, assignmentID, value, type) values (8, 11, 'https://random.dog/', 'url');
insert into work (userID, assignmentID, value, type) values (39, 8, 'https://random.dog/', 'url');
insert into work (userID, assignmentID, value, type) values (25, 10, 'https://random.dog/', 'url');
insert into work (userID, assignmentID, value, type) values (8, 12, 'https://random.dog/', 'url');
insert into work (userID, assignmentID, value, type) values (15, 10, 'https://random.dog/', 'url');
insert into work (userID, assignmentID, value, type) values (15, 12, 'https://random.dog/', 'url');
insert into work (userID, assignmentID, value, type) values (38, 11, 'https://random.dog/', 'url');
insert into work (userID, assignmentID, value, type) values (33, 12, 'https://random.dog/', 'url');
insert into work (userID, assignmentID, value, type) values (47, 12, 'https://random.dog/', 'url');
insert into work (userID, assignmentID, value, type) values (32, 9, 'https://random.dog/', 'url');
insert into work (userID, assignmentID, value, type) values (29, 9, 'https://random.dog/', 'url');
insert into work (userID, assignmentID, value, type) values (45, 8, 'https://random.dog/', 'url');
insert into work (userID, assignmentID, value, type) values (34, 12, 'https://random.dog/', 'url');
insert into work (userID, assignmentID, value, type) values (2, 10, 'https://random.dog/', 'url');
insert into work (userID, assignmentID, value, type) values (30, 9, 'https://random.dog/', 'url');
insert into work (userID, assignmentID, value, type) values (35, 11, 'https://random.dog/', 'url');
insert into work (userID, assignmentID, value, type) values (27, 11, 'https://random.dog/', 'url');
insert into work (userID, assignmentID, value, type) values (15, 8, 'https://random.dog/', 'url');
insert into work (userID, assignmentID, value, type) values (39, 9, 'https://random.dog/', 'url');
insert into work (userID, assignmentID, value, type) values (39, 11, 'https://random.dog/', 'url');
insert into work (userID, assignmentID, value, type) values (35, 10, 'https://random.dog/', 'url');
insert into work (userID, assignmentID, value, type) values (16, 10, 'https://random.dog/', 'url');
insert into work (userID, assignmentID, value, type) values (28, 10, 'https://random.dog/', 'url');
insert into work (userID, assignmentID, value, type) values (38, 9, 'https://random.dog/', 'url');
insert into work (userID, assignmentID, value, type) values (26, 8, 'https://random.dog/', 'url');
insert into work (userID, assignmentID, value, type) values (6, 10, 'https://random.dog/', 'url');
insert into work (userID, assignmentID, value, type) values (25, 12, 'https://random.dog/', 'url');
insert into work (userID, assignmentID, value, type) values (34, 9, 'https://random.dog/', 'url');
insert into work (userID, assignmentID, value, type) values (38, 10, 'https://random.dog/', 'url');
insert into work (userID, assignmentID, value, type) values (27, 12, 'https://random.dog/', 'url');
insert into work (userID, assignmentID, value, type) values (28, 9, 'https://random.dog/', 'url');
insert into work (userID, assignmentID, value, type) values (47, 8, 'https://random.dog/', 'url');
insert into work (userID, assignmentID, value, type) values (35, 8, 'https://random.dog/', 'url');
insert into work (userID, assignmentID, value, type) values (39, 12, 'https://random.dog/', 'url');
insert into work (userID, assignmentID, value, type) values (30, 12, 'https://random.dog/', 'url');
insert into work (userID, assignmentID, value, type) values (4, 10, 'https://random.dog/', 'url');
insert into work (userID, assignmentID, value, type) values (32, 12, 'https://random.dog/', 'url');
insert into work (userID, assignmentID, value, type) values (9, 9, 'https://random.dog/', 'url');
insert into work (userID, assignmentID, value, type) values (33, 9, 'https://random.dog/', 'url');
insert into work (userID, assignmentID, value, type) values (16, 8, 'https://random.dog/', 'url');
insert into work (userID, assignmentID, value, type) values (27, 9, 'https://random.dog/', 'url');
insert into work (userID, assignmentID, value, type) values (22, 10, 'https://random.dog/', 'url');
insert into work (userID, assignmentID, value, type) values (26, 12, 'https://random.dog/', 'url');
insert into work (userID, assignmentID, value, type) values (32, 11, 'https://random.dog/', 'url');
insert into work (userID, assignmentID, value, type) values (26, 10, 'https://random.dog/', 'url');
insert into work (userID, assignmentID, value, type) values (32, 10, 'https://random.dog/', 'url');
insert into work (userID, assignmentID, value, type) values (15, 11, 'https://random.dog/', 'url');
insert into work (userID, assignmentID, value, type) values (4, 8, 'https://random.dog/', 'url');
insert into work (userID, assignmentID, value, type) values (29, 8, 'https://random.dog/', 'url');

insert into review (userID, workID, rating, feedback) values (8, 19, 17, 'Mauris enim leo, rhoncus sed, vestibulum sit amet, cursus id, turpis. Integer aliquet, massa id lobortis convallis, tortor risus dapibus augue, vel accumsan tellus nisi eu orci. Mauris lacinia sapien quis libero.');
insert into review (userID, workID, rating, feedback) values (22, 39, 11, 'Proin interdum mauris non ligula pellentesque ultrices. Phasellus id sapien in sapien iaculis congue. Vivamus metus arcu, adipiscing molestie, hendrerit at, vulputate vitae, nisl.

Aenean lectus. Pellentesque eget nunc. Donec quis orci eget orci vehicula condimentum.');
insert into review (userID, workID, rating, feedback) values (22, 13, 58, 'Integer ac leo. Pellentesque ultrices mattis odio. Donec vitae nisi.

Nam ultrices, libero non mattis pulvinar, nulla pede ullamcorper augue, a suscipit nulla elit ac nulla. Sed vel enim sit amet nunc viverra dapibus. Nulla suscipit ligula in lacus.

Curabitur at ipsum ac tellus semper interdum. Mauris ullamcorper purus sit amet nulla. Quisque arcu libero, rutrum ac, lobortis vel, dapibus at, diam.');
insert into review (userID, workID, rating, feedback) values (22, 7, 97, 'Duis bibendum, felis sed interdum venenatis, turpis enim blandit mi, in porttitor pede justo eu massa. Donec dapibus. Duis at velit eu est congue elementum.

In hac habitasse platea dictumst. Morbi vestibulum, velit id pretium iaculis, diam erat fermentum justo, nec condimentum neque sapien placerat ante. Nulla justo.

Aliquam quis turpis eget elit sodales scelerisque. Mauris sit amet eros. Suspendisse accumsan tortor quis turpis.');
insert into review (userID, workID, rating, feedback) values (15, 83, 54, 'Morbi porttitor lorem id ligula. Suspendisse ornare consequat lectus. In est risus, auctor sed, tristique in, tempus sit amet, sem.

Fusce consequat. Nulla nisl. Nunc nisl.

Duis bibendum, felis sed interdum venenatis, turpis enim blandit mi, in porttitor pede justo eu massa. Donec dapibus. Duis at velit eu est congue elementum.');
insert into review (userID, workID, rating, feedback) values (39, 59, 78, 'In quis justo. Maecenas rhoncus aliquam lacus. Morbi quis tortor id nulla ultrices aliquet.

Maecenas leo odio, condimentum id, luctus nec, molestie sed, justo. Pellentesque viverra pede ac diam. Cras pellentesque volutpat dui.

Maecenas tristique, est et tempus semper, est quam pharetra magna, ac consequat metus sapien ut nunc. Vestibulum ante ipsum primis in faucibus orci luctus et ultrices posuere cubilia Curae; Mauris viverra diam vitae quam. Suspendisse potenti.');
insert into review (userID, workID, rating, feedback) values (39, 50, 30, 'Donec diam neque, vestibulum eget, vulputate ut, ultrices vel, augue. Vestibulum ante ipsum primis in faucibus orci luctus et ultrices posuere cubilia Curae; Donec pharetra, magna vestibulum aliquet ultrices, erat tortor sollicitudin mi, sit amet lobortis sapien sapien non mi. Integer ac neque.');
insert into review (userID, workID, rating, feedback) values (2, 50, 10, 'Curabitur in libero ut massa volutpat convallis. Morbi odio odio, elementum eu, interdum eu, tincidunt in, leo. Maecenas pulvinar lobortis est.

Phasellus sit amet erat. Nulla tempus. Vivamus in felis eu sapien cursus vestibulum.

Proin eu mi. Nulla ac enim. In tempor, turpis nec euismod scelerisque, quam turpis adipiscing lorem, vitae mattis nibh ligula nec sem.');
insert into review (userID, workID, rating, feedback) values (50, 22, 29, 'Nullam sit amet turpis elementum ligula vehicula consequat. Morbi a ipsum. Integer a nibh.');
insert into review (userID, workID, rating, feedback) values (39, 24, 57, 'Proin leo odio, porttitor id, consequat in, consequat ut, nulla. Sed accumsan felis. Ut at dolor quis odio consequat varius.

Integer ac leo. Pellentesque ultrices mattis odio. Donec vitae nisi.');
insert into review (userID, workID, rating, feedback) values (15, 70, 83, 'Cras non velit nec nisi vulputate nonummy. Maecenas tincidunt lacus at velit. Vivamus vel nulla eget eros elementum pellentesque.

Quisque porta volutpat erat. Quisque erat eros, viverra eget, congue eget, semper rutrum, nulla. Nunc purus.

Phasellus in felis. Donec semper sapien a libero. Nam dui.');
insert into review (userID, workID, rating, feedback) values (8, 57, 42, 'Quisque porta volutpat erat. Quisque erat eros, viverra eget, congue eget, semper rutrum, nulla. Nunc purus.');
insert into review (userID, workID, rating, feedback) values (2, 56, 20, 'Cum sociis natoque penatibus et magnis dis parturient montes, nascetur ridiculus mus. Vivamus vestibulum sagittis sapien. Cum sociis natoque penatibus et magnis dis parturient montes, nascetur ridiculus mus.

Etiam vel augue. Vestibulum rutrum rutrum neque. Aenean auctor gravida sem.

Praesent id massa id nisl venenatis lacinia. Aenean sit amet justo. Morbi ut odio.');
insert into review (userID, workID, rating, feedback) values (47, 19, 4, 'Aenean fermentum. Donec ut mauris eget massa tempor convallis. Nulla neque libero, convallis eget, eleifend luctus, ultricies eu, nibh.

Quisque id justo sit amet sapien dignissim vestibulum. Vestibulum ante ipsum primis in faucibus orci luctus et ultrices posuere cubilia Curae; Nulla dapibus dolor vel est. Donec odio justo, sollicitudin ut, suscipit a, feugiat et, eros.');
insert into review (userID, workID, rating, feedback) values (22, 75, 5, 'In congue. Etiam justo. Etiam pretium iaculis justo.

In hac habitasse platea dictumst. Etiam faucibus cursus urna. Ut tellus.

Nulla ut erat id mauris vulputate elementum. Nullam varius. Nulla facilisi.');
insert into review (userID, workID, rating, feedback) values (39, 65, 0, 'Vestibulum quam sapien, varius ut, blandit non, interdum in, ante. Vestibulum ante ipsum primis in faucibus orci luctus et ultrices posuere cubilia Curae; Duis faucibus accumsan odio. Curabitur convallis.');
insert into review (userID, workID, rating, feedback) values (24, 23, 0, 'Curabitur gravida nisi at nibh. In hac habitasse platea dictumst. Aliquam augue quam, sollicitudin vitae, consectetuer eget, rutrum at, lorem.

Integer tincidunt ante vel ipsum. Praesent blandit lacinia erat. Vestibulum sed magna at nunc commodo placerat.

Praesent blandit. Nam nulla. Integer pede justo, lacinia eget, tincidunt eget, tempus vel, pede.');
insert into review (userID, workID, rating, feedback) values (22, 74, 1, 'Maecenas leo odio, condimentum id, luctus nec, molestie sed, justo. Pellentesque viverra pede ac diam. Cras pellentesque volutpat dui.');
insert into review (userID, workID, rating, feedback) values (10, 84, 3, 'Phasellus in felis. Donec semper sapien a libero. Nam dui.

Proin leo odio, porttitor id, consequat in, consequat ut, nulla. Sed accumsan felis. Ut at dolor quis odio consequat varius.');
insert into review (userID, workID, rating, feedback) values (15, 47, 5, 'Morbi non lectus. Aliquam sit amet diam in magna bibendum imperdiet. Nullam orci pede, venenatis non, sodales sed, tincidunt eu, felis.

Fusce posuere felis sed lacus. Morbi sem mauris, laoreet ut, rhoncus aliquet, pulvinar sed, nisl. Nunc rhoncus dui vel sem.

Sed sagittis. Nam congue, risus semper porta volutpat, quam pede lobortis ligula, sit amet eleifend pede libero quis orci. Nullam molestie nibh in lectus.');
insert into review (userID, workID, rating, feedback) values (39, 37, 8, 'Sed ante. Vivamus tortor. Duis mattis egestas metus.

Aenean fermentum. Donec ut mauris eget massa tempor convallis. Nulla neque libero, convallis eget, eleifend luctus, ultricies eu, nibh.

Quisque id justo sit amet sapien dignissim vestibulum. Vestibulum ante ipsum primis in faucibus orci luctus et ultrices posuere cubilia Curae; Nulla dapibus dolor vel est. Donec odio justo, sollicitudin ut, suscipit a, feugiat et, eros.');
insert into review (userID, workID, rating, feedback) values (24, 16, 4, 'Quisque porta volutpat erat. Quisque erat eros, viverra eget, congue eget, semper rutrum, nulla. Nunc purus.');
insert into review (userID, workID, rating, feedback) values (6, 5, 8, 'Quisque id justo sit amet sapien dignissim vestibulum. Vestibulum ante ipsum primis in faucibus orci luctus et ultrices posuere cubilia Curae; Nulla dapibus dolor vel est. Donec odio justo, sollicitudin ut, suscipit a, feugiat et, eros.

Vestibulum ac est lacinia nisi venenatis tristique. Fusce congue, diam id ornare imperdiet, sapien urna pretium nisl, ut volutpat sapien arcu sed augue. Aliquam erat volutpat.

In congue. Etiam justo. Etiam pretium iaculis justo.');
insert into review (userID, workID, rating, feedback) values (29, 56, 1, 'Maecenas tristique, est et tempus semper, est quam pharetra magna, ac consequat metus sapien ut nunc. Vestibulum ante ipsum primis in faucibus orci luctus et ultrices posuere cubilia Curae; Mauris viverra diam vitae quam. Suspendisse potenti.');
insert into review (userID, workID, rating, feedback) values (8, 43, 9, 'Duis consequat dui nec nisi volutpat eleifend. Donec ut dolor. Morbi vel lectus in quam fringilla rhoncus.

Mauris enim leo, rhoncus sed, vestibulum sit amet, cursus id, turpis. Integer aliquet, massa id lobortis convallis, tortor risus dapibus augue, vel accumsan tellus nisi eu orci. Mauris lacinia sapien quis libero.');
insert into review (userID, workID, rating, feedback) values (6, 22, 7, 'Phasellus sit amet erat. Nulla tempus. Vivamus in felis eu sapien cursus vestibulum.

Proin eu mi. Nulla ac enim. In tempor, turpis nec euismod scelerisque, quam turpis adipiscing lorem, vitae mattis nibh ligula nec sem.

Duis aliquam convallis nunc. Proin at turpis a pede posuere nonummy. Integer non velit.');
insert into review (userID, workID, rating, feedback) values (27, 40, 7, 'Maecenas leo odio, condimentum id, luctus nec, molestie sed, justo. Pellentesque viverra pede ac diam. Cras pellentesque volutpat dui.

Maecenas tristique, est et tempus semper, est quam pharetra magna, ac consequat metus sapien ut nunc. Vestibulum ante ipsum primis in faucibus orci luctus et ultrices posuere cubilia Curae; Mauris viverra diam vitae quam. Suspendisse potenti.');
insert into review (userID, workID, rating, feedback) values (24, 15, 4, 'Quisque id justo sit amet sapien dignissim vestibulum. Vestibulum ante ipsum primis in faucibus orci luctus et ultrices posuere cubilia Curae; Nulla dapibus dolor vel est. Donec odio justo, sollicitudin ut, suscipit a, feugiat et, eros.

Vestibulum ac est lacinia nisi venenatis tristique. Fusce congue, diam id ornare imperdiet, sapien urna pretium nisl, ut volutpat sapien arcu sed augue. Aliquam erat volutpat.');
insert into review (userID, workID, rating, feedback) values (22, 36, 3, 'Proin eu mi. Nulla ac enim. In tempor, turpis nec euismod scelerisque, quam turpis adipiscing lorem, vitae mattis nibh ligula nec sem.

Duis aliquam convallis nunc. Proin at turpis a pede posuere nonummy. Integer non velit.

Donec diam neque, vestibulum eget, vulputate ut, ultrices vel, augue. Vestibulum ante ipsum primis in faucibus orci luctus et ultrices posuere cubilia Curae; Donec pharetra, magna vestibulum aliquet ultrices, erat tortor sollicitudin mi, sit amet lobortis sapien sapien non mi. Integer ac neque.');
insert into review (userID, workID, rating, feedback) values (10, 51, 7, 'In congue. Etiam justo. Etiam pretium iaculis justo.

In hac habitasse platea dictumst. Etiam faucibus cursus urna. Ut tellus.

Nulla ut erat id mauris vulputate elementum. Nullam varius. Nulla facilisi.');
insert into review (userID, workID, rating, feedback) values (8, 16, 0, 'Proin eu mi. Nulla ac enim. In tempor, turpis nec euismod scelerisque, quam turpis adipiscing lorem, vitae mattis nibh ligula nec sem.

Duis aliquam convallis nunc. Proin at turpis a pede posuere nonummy. Integer non velit.');
insert into review (userID, workID, rating, feedback) values (22, 4, 5, 'Fusce consequat. Nulla nisl. Nunc nisl.

Duis bibendum, felis sed interdum venenatis, turpis enim blandit mi, in porttitor pede justo eu massa. Donec dapibus. Duis at velit eu est congue elementum.

In hac habitasse platea dictumst. Morbi vestibulum, velit id pretium iaculis, diam erat fermentum justo, nec condimentum neque sapien placerat ante. Nulla justo.');
insert into review (userID, workID, rating, feedback) values (8, 32, 2, 'Maecenas ut massa quis augue luctus tincidunt. Nulla mollis molestie lorem. Quisque ut erat.

Curabitur gravida nisi at nibh. In hac habitasse platea dictumst. Aliquam augue quam, sollicitudin vitae, consectetuer eget, rutrum at, lorem.

Integer tincidunt ante vel ipsum. Praesent blandit lacinia erat. Vestibulum sed magna at nunc commodo placerat.');
insert into review (userID, workID, rating, feedback) values (24, 44, 10, 'Duis bibendum, felis sed interdum venenatis, turpis enim blandit mi, in porttitor pede justo eu massa. Donec dapibus. Duis at velit eu est congue elementum.

In hac habitasse platea dictumst. Morbi vestibulum, velit id pretium iaculis, diam erat fermentum justo, nec condimentum neque sapien placerat ante. Nulla justo.');
insert into review (userID, workID, rating, feedback) values (24, 34, 93, 'Morbi non lectus. Aliquam sit amet diam in magna bibendum imperdiet. Nullam orci pede, venenatis non, sodales sed, tincidunt eu, felis.');
insert into review (userID, workID, rating, feedback) values (25, 34, 18, 'Proin interdum mauris non ligula pellentesque ultrices. Phasellus id sapien in sapien iaculis congue. Vivamus metus arcu, adipiscing molestie, hendrerit at, vulputate vitae, nisl.

Aenean lectus. Pellentesque eget nunc. Donec quis orci eget orci vehicula condimentum.

Curabitur in libero ut massa volutpat convallis. Morbi odio odio, elementum eu, interdum eu, tincidunt in, leo. Maecenas pulvinar lobortis est.');
insert into review (userID, workID, rating, feedback) values (9, 64, 99, 'Nam ultrices, libero non mattis pulvinar, nulla pede ullamcorper augue, a suscipit nulla elit ac nulla. Sed vel enim sit amet nunc viverra dapibus. Nulla suscipit ligula in lacus.');
insert into review (userID, workID, rating, feedback) values (25, 70, 79, 'Duis bibendum, felis sed interdum venenatis, turpis enim blandit mi, in porttitor pede justo eu massa. Donec dapibus. Duis at velit eu est congue elementum.

In hac habitasse platea dictumst. Morbi vestibulum, velit id pretium iaculis, diam erat fermentum justo, nec condimentum neque sapien placerat ante. Nulla justo.');
insert into review (userID, workID, rating, feedback) values (38, 35, 26, 'Aenean fermentum. Donec ut mauris eget massa tempor convallis. Nulla neque libero, convallis eget, eleifend luctus, ultricies eu, nibh.

Quisque id justo sit amet sapien dignissim vestibulum. Vestibulum ante ipsum primis in faucibus orci luctus et ultrices posuere cubilia Curae; Nulla dapibus dolor vel est. Donec odio justo, sollicitudin ut, suscipit a, feugiat et, eros.');
insert into review (userID, workID, rating, feedback) values (34, 14, 18, 'In hac habitasse platea dictumst. Morbi vestibulum, velit id pretium iaculis, diam erat fermentum justo, nec condimentum neque sapien placerat ante. Nulla justo.

Aliquam quis turpis eget elit sodales scelerisque. Mauris sit amet eros. Suspendisse accumsan tortor quis turpis.');
insert into review (userID, workID, rating, feedback) values (38, 20, 87, 'Sed ante. Vivamus tortor. Duis mattis egestas metus.

Aenean fermentum. Donec ut mauris eget massa tempor convallis. Nulla neque libero, convallis eget, eleifend luctus, ultricies eu, nibh.

Quisque id justo sit amet sapien dignissim vestibulum. Vestibulum ante ipsum primis in faucibus orci luctus et ultrices posuere cubilia Curae; Nulla dapibus dolor vel est. Donec odio justo, sollicitudin ut, suscipit a, feugiat et, eros.');
insert into review (userID, workID, rating, feedback) values (34, 29, 74, 'Etiam vel augue. Vestibulum rutrum rutrum neque. Aenean auctor gravida sem.

Praesent id massa id nisl venenatis lacinia. Aenean sit amet justo. Morbi ut odio.

Cras mi pede, malesuada in, imperdiet et, commodo vulputate, justo. In blandit ultrices enim. Lorem ipsum dolor sit amet, consectetuer adipiscing elit.');
insert into review (userID, workID, rating, feedback) values (35, 50, 62, 'Cras mi pede, malesuada in, imperdiet et, commodo vulputate, justo. In blandit ultrices enim. Lorem ipsum dolor sit amet, consectetuer adipiscing elit.');
insert into review (userID, workID, rating, feedback) values (4, 84, 50, 'Morbi porttitor lorem id ligula. Suspendisse ornare consequat lectus. In est risus, auctor sed, tristique in, tempus sit amet, sem.');
insert into review (userID, workID, rating, feedback) values (26, 71, 20, 'Aenean lectus. Pellentesque eget nunc. Donec quis orci eget orci vehicula condimentum.

Curabitur in libero ut massa volutpat convallis. Morbi odio odio, elementum eu, interdum eu, tincidunt in, leo. Maecenas pulvinar lobortis est.

Phasellus sit amet erat. Nulla tempus. Vivamus in felis eu sapien cursus vestibulum.');
insert into review (userID, workID, rating, feedback) values (26, 39, 55, 'Proin leo odio, porttitor id, consequat in, consequat ut, nulla. Sed accumsan felis. Ut at dolor quis odio consequat varius.');
insert into review (userID, workID, rating, feedback) values (10, 11, 96, 'Duis consequat dui nec nisi volutpat eleifend. Donec ut dolor. Morbi vel lectus in quam fringilla rhoncus.

Mauris enim leo, rhoncus sed, vestibulum sit amet, cursus id, turpis. Integer aliquet, massa id lobortis convallis, tortor risus dapibus augue, vel accumsan tellus nisi eu orci. Mauris lacinia sapien quis libero.

Nullam sit amet turpis elementum ligula vehicula consequat. Morbi a ipsum. Integer a nibh.');
insert into review (userID, workID, rating, feedback) values (25, 27, 45, 'Curabitur in libero ut massa volutpat convallis. Morbi odio odio, elementum eu, interdum eu, tincidunt in, leo. Maecenas pulvinar lobortis est.

Phasellus sit amet erat. Nulla tempus. Vivamus in felis eu sapien cursus vestibulum.

Proin eu mi. Nulla ac enim. In tempor, turpis nec euismod scelerisque, quam turpis adipiscing lorem, vitae mattis nibh ligula nec sem.');
insert into review (userID, workID, rating, feedback) values (32, 43, 61, 'Quisque porta volutpat erat. Quisque erat eros, viverra eget, congue eget, semper rutrum, nulla. Nunc purus.

Phasellus in felis. Donec semper sapien a libero. Nam dui.

Proin leo odio, porttitor id, consequat in, consequat ut, nulla. Sed accumsan felis. Ut at dolor quis odio consequat varius.');
insert into review (userID, workID, rating, feedback) values (32, 52, 67, 'In sagittis dui vel nisl. Duis ac nibh. Fusce lacus purus, aliquet at, feugiat non, pretium quis, lectus.');
insert into review (userID, workID, rating, feedback) values (4, 41, 2, 'Quisque porta volutpat erat. Quisque erat eros, viverra eget, congue eget, semper rutrum, nulla. Nunc purus.');
insert into review (userID, workID, rating, feedback) values (27, 41, 2, 'Duis bibendum. Morbi non quam nec dui luctus rutrum. Nulla tellus.

In sagittis dui vel nisl. Duis ac nibh. Fusce lacus purus, aliquet at, feugiat non, pretium quis, lectus.

Suspendisse potenti. In eleifend quam a odio. In hac habitasse platea dictumst.');
insert into review (userID, workID, rating, feedback) values (9, 13, 90, 'Sed sagittis. Nam congue, risus semper porta volutpat, quam pede lobortis ligula, sit amet eleifend pede libero quis orci. Nullam molestie nibh in lectus.');
insert into review (userID, workID, rating, feedback) values (9, 60, 89, 'Suspendisse potenti. In eleifend quam a odio. In hac habitasse platea dictumst.');
insert into review (userID, workID, rating, feedback) values (26, 27, 35, 'Lorem ipsum dolor sit amet, consectetuer adipiscing elit. Proin risus. Praesent lectus.');
insert into review (userID, workID, rating, feedback) values (35, 73, 74, 'Nullam sit amet turpis elementum ligula vehicula consequat. Morbi a ipsum. Integer a nibh.

In quis justo. Maecenas rhoncus aliquam lacus. Morbi quis tortor id nulla ultrices aliquet.');
insert into review (userID, workID, rating, feedback) values (9, 74, 86, 'Aliquam quis turpis eget elit sodales scelerisque. Mauris sit amet eros. Suspendisse accumsan tortor quis turpis.

Sed ante. Vivamus tortor. Duis mattis egestas metus.');
insert into review (userID, workID, rating, feedback) values (26, 21, 45, 'Integer ac leo. Pellentesque ultrices mattis odio. Donec vitae nisi.

Nam ultrices, libero non mattis pulvinar, nulla pede ullamcorper augue, a suscipit nulla elit ac nulla. Sed vel enim sit amet nunc viverra dapibus. Nulla suscipit ligula in lacus.

Curabitur at ipsum ac tellus semper interdum. Mauris ullamcorper purus sit amet nulla. Quisque arcu libero, rutrum ac, lobortis vel, dapibus at, diam.');
insert into review (userID, workID, rating, feedback) values (25, 18, 77, 'Vestibulum ac est lacinia nisi venenatis tristique. Fusce congue, diam id ornare imperdiet, sapien urna pretium nisl, ut volutpat sapien arcu sed augue. Aliquam erat volutpat.');
insert into review (userID, workID, rating, feedback) values (4, 78, 67, 'Phasellus sit amet erat. Nulla tempus. Vivamus in felis eu sapien cursus vestibulum.');
insert into review (userID, workID, rating, feedback) values (10, 16, 30, 'Maecenas leo odio, condimentum id, luctus nec, molestie sed, justo. Pellentesque viverra pede ac diam. Cras pellentesque volutpat dui.');
insert into review (userID, workID, rating, feedback) values (38, 18, 58, 'Phasellus sit amet erat. Nulla tempus. Vivamus in felis eu sapien cursus vestibulum.

Proin eu mi. Nulla ac enim. In tempor, turpis nec euismod scelerisque, quam turpis adipiscing lorem, vitae mattis nibh ligula nec sem.

Duis aliquam convallis nunc. Proin at turpis a pede posuere nonummy. Integer non velit.');
insert into review (userID, workID, rating, feedback) values (4, 42, 34, 'Maecenas ut massa quis augue luctus tincidunt. Nulla mollis molestie lorem. Quisque ut erat.

Curabitur gravida nisi at nibh. In hac habitasse platea dictumst. Aliquam augue quam, sollicitudin vitae, consectetuer eget, rutrum at, lorem.

Integer tincidunt ante vel ipsum. Praesent blandit lacinia erat. Vestibulum sed magna at nunc commodo placerat.');
insert into review (userID, workID, rating, feedback) values (10, 31, 74, 'Proin leo odio, porttitor id, consequat in, consequat ut, nulla. Sed accumsan felis. Ut at dolor quis odio consequat varius.');
insert into review (userID, workID, rating, feedback) values (38, 10, 30, 'Phasellus sit amet erat. Nulla tempus. Vivamus in felis eu sapien cursus vestibulum.');
insert into review (userID, workID, rating, feedback) values (24, 58, 96, 'Quisque id justo sit amet sapien dignissim vestibulum. Vestibulum ante ipsum primis in faucibus orci luctus et ultrices posuere cubilia Curae; Nulla dapibus dolor vel est. Donec odio justo, sollicitudin ut, suscipit a, feugiat et, eros.

Vestibulum ac est lacinia nisi venenatis tristique. Fusce congue, diam id ornare imperdiet, sapien urna pretium nisl, ut volutpat sapien arcu sed augue. Aliquam erat volutpat.

In congue. Etiam justo. Etiam pretium iaculis justo.');
insert into review (userID, workID, rating, feedback) values (10, 45, 70, 'Aenean fermentum. Donec ut mauris eget massa tempor convallis. Nulla neque libero, convallis eget, eleifend luctus, ultricies eu, nibh.');
insert into review (userID, workID, rating, feedback) values (4, 25, 66, 'Vestibulum quam sapien, varius ut, blandit non, interdum in, ante. Vestibulum ante ipsum primis in faucibus orci luctus et ultrices posuere cubilia Curae; Duis faucibus accumsan odio. Curabitur convallis.');
insert into review (userID, workID, rating, feedback) values (27, 8, 2, 'Curabitur in libero ut massa volutpat convallis. Morbi odio odio, elementum eu, interdum eu, tincidunt in, leo. Maecenas pulvinar lobortis est.

Phasellus sit amet erat. Nulla tempus. Vivamus in felis eu sapien cursus vestibulum.

Proin eu mi. Nulla ac enim. In tempor, turpis nec euismod scelerisque, quam turpis adipiscing lorem, vitae mattis nibh ligula nec sem.');
insert into review (userID, workID, rating, feedback) values (38, 84, 46, 'Cras non velit nec nisi vulputate nonummy. Maecenas tincidunt lacus at velit. Vivamus vel nulla eget eros elementum pellentesque.

Quisque porta volutpat erat. Quisque erat eros, viverra eget, congue eget, semper rutrum, nulla. Nunc purus.');
insert into review (userID, workID, rating, feedback) values (24, 73, 58, 'Duis aliquam convallis nunc. Proin at turpis a pede posuere nonummy. Integer non velit.

Donec diam neque, vestibulum eget, vulputate ut, ultrices vel, augue. Vestibulum ante ipsum primis in faucibus orci luctus et ultrices posuere cubilia Curae; Donec pharetra, magna vestibulum aliquet ultrices, erat tortor sollicitudin mi, sit amet lobortis sapien sapien non mi. Integer ac neque.');
insert into review (userID, workID, rating, feedback) values (35, 78, 17, 'Nullam porttitor lacus at turpis. Donec posuere metus vitae ipsum. Aliquam non mauris.

Morbi non lectus. Aliquam sit amet diam in magna bibendum imperdiet. Nullam orci pede, venenatis non, sodales sed, tincidunt eu, felis.

Fusce posuere felis sed lacus. Morbi sem mauris, laoreet ut, rhoncus aliquet, pulvinar sed, nisl. Nunc rhoncus dui vel sem.');

insert into review (userID, workID, rating, feedback) values (25, 36, 47, 'Curabitur at ipsum ac tellus semper interdum. Mauris ullamcorper purus sit amet nulla. Quisque arcu libero, rutrum ac, lobortis vel, dapibus at, diam.');
insert into review (userID, workID, rating, feedback) values (21, 86, 5, 'Donec diam neque, vestibulum eget, vulputate ut, ultrices vel, augue. Vestibulum ante ipsum primis in faucibus orci luctus et ultrices posuere cubilia Curae; Donec pharetra, magna vestibulum aliquet ultrices, erat tortor sollicitudin mi, sit amet lobortis sapien sapien non mi. Integer ac neque.

Duis bibendum. Morbi non quam nec dui luctus rutrum. Nulla tellus.

In sagittis dui vel nisl. Duis ac nibh. Fusce lacus purus, aliquet at, feugiat non, pretium quis, lectus.');
insert into review (userID, workID, rating, feedback) values (38, 37, 0, 'Duis aliquam convallis nunc. Proin at turpis a pede posuere nonummy. Integer non velit.

Donec diam neque, vestibulum eget, vulputate ut, ultrices vel, augue. Vestibulum ante ipsum primis in faucibus orci luctus et ultrices posuere cubilia Curae; Donec pharetra, magna vestibulum aliquet ultrices, erat tortor sollicitudin mi, sit amet lobortis sapien sapien non mi. Integer ac neque.

Duis bibendum. Morbi non quam nec dui luctus rutrum. Nulla tellus.');
insert into review (userID, workID, rating, feedback) values (35, 18, 2, 'Curabitur at ipsum ac tellus semper interdum. Mauris ullamcorper purus sit amet nulla. Quisque arcu libero, rutrum ac, lobortis vel, dapibus at, diam.');
insert into review (userID, workID, rating, feedback) values (9, 25, 2, 'In quis justo. Maecenas rhoncus aliquam lacus. Morbi quis tortor id nulla ultrices aliquet.

Maecenas leo odio, condimentum id, luctus nec, molestie sed, justo. Pellentesque viverra pede ac diam. Cras pellentesque volutpat dui.

Maecenas tristique, est et tempus semper, est quam pharetra magna, ac consequat metus sapien ut nunc. Vestibulum ante ipsum primis in faucibus orci luctus et ultrices posuere cubilia Curae; Mauris viverra diam vitae quam. Suspendisse potenti.');
insert into review (userID, workID, rating, feedback) values (25, 19, 5, 'Praesent blandit. Nam nulla. Integer pede justo, lacinia eget, tincidunt eget, tempus vel, pede.

Morbi porttitor lorem id ligula. Suspendisse ornare consequat lectus. In est risus, auctor sed, tristique in, tempus sit amet, sem.');
insert into review (userID, workID, rating, feedback) values (22, 59, 4, 'Curabitur in libero ut massa volutpat convallis. Morbi odio odio, elementum eu, interdum eu, tincidunt in, leo. Maecenas pulvinar lobortis est.

Phasellus sit amet erat. Nulla tempus. Vivamus in felis eu sapien cursus vestibulum.

Proin eu mi. Nulla ac enim. In tempor, turpis nec euismod scelerisque, quam turpis adipiscing lorem, vitae mattis nibh ligula nec sem.');
insert into review (userID, workID, rating, feedback) values (38, 42, 4, 'Vestibulum ac est lacinia nisi venenatis tristique. Fusce congue, diam id ornare imperdiet, sapien urna pretium nisl, ut volutpat sapien arcu sed augue. Aliquam erat volutpat.

In congue. Etiam justo. Etiam pretium iaculis justo.');
insert into review (userID, workID, rating, feedback) values (38, 43, 3, 'Sed sagittis. Nam congue, risus semper porta volutpat, quam pede lobortis ligula, sit amet eleifend pede libero quis orci. Nullam molestie nibh in lectus.

Pellentesque at nulla. Suspendisse potenti. Cras in purus eu magna vulputate luctus.

Cum sociis natoque penatibus et magnis dis parturient montes, nascetur ridiculus mus. Vivamus vestibulum sagittis sapien. Cum sociis natoque penatibus et magnis dis parturient montes, nascetur ridiculus mus.');
insert into review (userID, workID, rating, feedback) values (29, 65, 0, 'Phasellus in felis. Donec semper sapien a libero. Nam dui.

Proin leo odio, porttitor id, consequat in, consequat ut, nulla. Sed accumsan felis. Ut at dolor quis odio consequat varius.

Integer ac leo. Pellentesque ultrices mattis odio. Donec vitae nisi.');
insert into review (userID, workID, rating, feedback) values (9, 79, 0, 'Nam ultrices, libero non mattis pulvinar, nulla pede ullamcorper augue, a suscipit nulla elit ac nulla. Sed vel enim sit amet nunc viverra dapibus. Nulla suscipit ligula in lacus.

Curabitur at ipsum ac tellus semper interdum. Mauris ullamcorper purus sit amet nulla. Quisque arcu libero, rutrum ac, lobortis vel, dapibus at, diam.');
insert into review (userID, workID, rating, feedback) values (35, 41, 3, 'Cras non velit nec nisi vulputate nonummy. Maecenas tincidunt lacus at velit. Vivamus vel nulla eget eros elementum pellentesque.');
insert into review (userID, workID, rating, feedback) values (21, 81, 5, 'Maecenas ut massa quis augue luctus tincidunt. Nulla mollis molestie lorem. Quisque ut erat.

Curabitur gravida nisi at nibh. In hac habitasse platea dictumst. Aliquam augue quam, sollicitudin vitae, consectetuer eget, rutrum at, lorem.

Integer tincidunt ante vel ipsum. Praesent blandit lacinia erat. Vestibulum sed magna at nunc commodo placerat.');
insert into review (userID, workID, rating, feedback) values (19, 5, 3, 'Maecenas ut massa quis augue luctus tincidunt. Nulla mollis molestie lorem. Quisque ut erat.

Curabitur gravida nisi at nibh. In hac habitasse platea dictumst. Aliquam augue quam, sollicitudin vitae, consectetuer eget, rutrum at, lorem.');
insert into review (userID, workID, rating, feedback) values (39, 10, 2, 'Maecenas ut massa quis augue luctus tincidunt. Nulla mollis molestie lorem. Quisque ut erat.');
insert into review (userID, workID, rating, feedback) values (22, 44, 3, 'In hac habitasse platea dictumst. Morbi vestibulum, velit id pretium iaculis, diam erat fermentum justo, nec condimentum neque sapien placerat ante. Nulla justo.

Aliquam quis turpis eget elit sodales scelerisque. Mauris sit amet eros. Suspendisse accumsan tortor quis turpis.');
insert into review (userID, workID, rating, feedback) values (28, 77, 4, 'Duis aliquam convallis nunc. Proin at turpis a pede posuere nonummy. Integer non velit.

Donec diam neque, vestibulum eget, vulputate ut, ultrices vel, augue. Vestibulum ante ipsum primis in faucibus orci luctus et ultrices posuere cubilia Curae; Donec pharetra, magna vestibulum aliquet ultrices, erat tortor sollicitudin mi, sit amet lobortis sapien sapien non mi. Integer ac neque.

Duis bibendum. Morbi non quam nec dui luctus rutrum. Nulla tellus.');
insert into review (userID, workID, rating, feedback) values (44, 8, 5, 'Phasellus sit amet erat. Nulla tempus. Vivamus in felis eu sapien cursus vestibulum.

Proin eu mi. Nulla ac enim. In tempor, turpis nec euismod scelerisque, quam turpis adipiscing lorem, vitae mattis nibh ligula nec sem.');
insert into review (userID, workID, rating, feedback) values (29, 76, 3, 'Etiam vel augue. Vestibulum rutrum rutrum neque. Aenean auctor gravida sem.');
insert into review (userID, workID, rating, feedback) values (22, 51, 0, 'Praesent blandit. Nam nulla. Integer pede justo, lacinia eget, tincidunt eget, tempus vel, pede.');
insert into review (userID, workID, rating, feedback) values (28, 86, 5, 'Etiam vel augue. Vestibulum rutrum rutrum neque. Aenean auctor gravida sem.');
insert into review (userID, workID, rating, feedback) values (19, 64, 1, 'Phasellus in felis. Donec semper sapien a libero. Nam dui.');
insert into review (userID, workID, rating, feedback) values (19, 23, 1, 'Fusce posuere felis sed lacus. Morbi sem mauris, laoreet ut, rhoncus aliquet, pulvinar sed, nisl. Nunc rhoncus dui vel sem.

Sed sagittis. Nam congue, risus semper porta volutpat, quam pede lobortis ligula, sit amet eleifend pede libero quis orci. Nullam molestie nibh in lectus.

Pellentesque at nulla. Suspendisse potenti. Cras in purus eu magna vulputate luctus.');
insert into review (userID, workID, rating, feedback) values (25, 41, 5, 'Sed sagittis. Nam congue, risus semper porta volutpat, quam pede lobortis ligula, sit amet eleifend pede libero quis orci. Nullam molestie nibh in lectus.

Pellentesque at nulla. Suspendisse potenti. Cras in purus eu magna vulputate luctus.');
insert into review (userID, workID, rating, feedback) values (38, 70, 4, 'Nulla ut erat id mauris vulputate elementum. Nullam varius. Nulla facilisi.');
insert into review (userID, workID, rating, feedback) values (21, 23, 1, 'Aliquam quis turpis eget elit sodales scelerisque. Mauris sit amet eros. Suspendisse accumsan tortor quis turpis.

Sed ante. Vivamus tortor. Duis mattis egestas metus.');
insert into review (userID, workID, rating, feedback) values (19, 47, 1, 'Integer tincidunt ante vel ipsum. Praesent blandit lacinia erat. Vestibulum sed magna at nunc commodo placerat.');
insert into review (userID, workID, rating, feedback) values (15, 85, 1, 'Maecenas tristique, est et tempus semper, est quam pharetra magna, ac consequat metus sapien ut nunc. Vestibulum ante ipsum primis in faucibus orci luctus et ultrices posuere cubilia Curae; Mauris viverra diam vitae quam. Suspendisse potenti.

Nullam porttitor lacus at turpis. Donec posuere metus vitae ipsum. Aliquam non mauris.

Morbi non lectus. Aliquam sit amet diam in magna bibendum imperdiet. Nullam orci pede, venenatis non, sodales sed, tincidunt eu, felis.');
insert into review (userID, workID, rating, feedback) values (29, 81, 0, 'Maecenas ut massa quis augue luctus tincidunt. Nulla mollis molestie lorem. Quisque ut erat.');
insert into review (userID, workID, rating, feedback) values (9, 12, 5, 'Phasellus sit amet erat. Nulla tempus. Vivamus in felis eu sapien cursus vestibulum.');
insert into review (userID, workID, rating, feedback) values (22, 87, 1, 'In quis justo. Maecenas rhoncus aliquam lacus. Morbi quis tortor id nulla ultrices aliquet.');
insert into review (userID, workID, rating, feedback) values (9, 30, 1, 'Pellentesque at nulla. Suspendisse potenti. Cras in purus eu magna vulputate luctus.

Cum sociis natoque penatibus et magnis dis parturient montes, nascetur ridiculus mus. Vivamus vestibulum sagittis sapien. Cum sociis natoque penatibus et magnis dis parturient montes, nascetur ridiculus mus.

Etiam vel augue. Vestibulum rutrum rutrum neque. Aenean auctor gravida sem.');
insert into review (userID, workID, rating, feedback) values (19, 51, 4, 'Donec diam neque, vestibulum eget, vulputate ut, ultrices vel, augue. Vestibulum ante ipsum primis in faucibus orci luctus et ultrices posuere cubilia Curae; Donec pharetra, magna vestibulum aliquet ultrices, erat tortor sollicitudin mi, sit amet lobortis sapien sapien non mi. Integer ac neque.

Duis bibendum. Morbi non quam nec dui luctus rutrum. Nulla tellus.');
insert into review (userID, workID, rating, feedback) values (35, 33, 5, 'Aenean fermentum. Donec ut mauris eget massa tempor convallis. Nulla neque libero, convallis eget, eleifend luctus, ultricies eu, nibh.

Quisque id justo sit amet sapien dignissim vestibulum. Vestibulum ante ipsum primis in faucibus orci luctus et ultrices posuere cubilia Curae; Nulla dapibus dolor vel est. Donec odio justo, sollicitudin ut, suscipit a, feugiat et, eros.');
insert into review (userID, workID, rating, feedback) values (29, 61, 4, 'Nullam sit amet turpis elementum ligula vehicula consequat. Morbi a ipsum. Integer a nibh.

In quis justo. Maecenas rhoncus aliquam lacus. Morbi quis tortor id nulla ultrices aliquet.');
insert into review (userID, workID, rating, feedback) values (25, 47, 5, 'Quisque id justo sit amet sapien dignissim vestibulum. Vestibulum ante ipsum primis in faucibus orci luctus et ultrices posuere cubilia Curae; Nulla dapibus dolor vel est. Donec odio justo, sollicitudin ut, suscipit a, feugiat et, eros.

Vestibulum ac est lacinia nisi venenatis tristique. Fusce congue, diam id ornare imperdiet, sapien urna pretium nisl, ut volutpat sapien arcu sed augue. Aliquam erat volutpat.

In congue. Etiam justo. Etiam pretium iaculis justo.');
insert into review (userID, workID, rating, feedback) values (15, 56, 1, 'Vestibulum ac est lacinia nisi venenatis tristique. Fusce congue, diam id ornare imperdiet, sapien urna pretium nisl, ut volutpat sapien arcu sed augue. Aliquam erat volutpat.');
insert into review (userID, workID, rating, feedback) values (39, 34, 2, 'In quis justo. Maecenas rhoncus aliquam lacus. Morbi quis tortor id nulla ultrices aliquet.');
insert into review (userID, workID, rating, feedback) values (25, 40, 3, 'Cras mi pede, malesuada in, imperdiet et, commodo vulputate, justo. In blandit ultrices enim. Lorem ipsum dolor sit amet, consectetuer adipiscing elit.');
insert into review (userID, workID, rating, feedback) values (35, 30, 2, 'Lorem ipsum dolor sit amet, consectetuer adipiscing elit. Proin risus. Praesent lectus.

Vestibulum quam sapien, varius ut, blandit non, interdum in, ante. Vestibulum ante ipsum primis in faucibus orci luctus et ultrices posuere cubilia Curae; Duis faucibus accumsan odio. Curabitur convallis.');
insert into review (userID, workID, rating, feedback) values (19, 32, 3, 'Quisque porta volutpat erat. Quisque erat eros, viverra eget, congue eget, semper rutrum, nulla. Nunc purus.

Phasellus in felis. Donec semper sapien a libero. Nam dui.');
insert into review (userID, workID, rating, feedback) values (44, 65, 1, 'Nullam sit amet turpis elementum ligula vehicula consequat. Morbi a ipsum. Integer a nibh.

In quis justo. Maecenas rhoncus aliquam lacus. Morbi quis tortor id nulla ultrices aliquet.

Maecenas leo odio, condimentum id, luctus nec, molestie sed, justo. Pellentesque viverra pede ac diam. Cras pellentesque volutpat dui.');
insert into review (userID, workID, rating, feedback) values (19, 84, 0, 'Maecenas tristique, est et tempus semper, est quam pharetra magna, ac consequat metus sapien ut nunc. Vestibulum ante ipsum primis in faucibus orci luctus et ultrices posuere cubilia Curae; Mauris viverra diam vitae quam. Suspendisse potenti.

Nullam porttitor lacus at turpis. Donec posuere metus vitae ipsum. Aliquam non mauris.');
insert into review (userID, workID, rating, feedback) values (9, 31, 1, 'In congue. Etiam justo. Etiam pretium iaculis justo.

In hac habitasse platea dictumst. Etiam faucibus cursus urna. Ut tellus.

Nulla ut erat id mauris vulputate elementum. Nullam varius. Nulla facilisi.');
insert into review (userID, workID, rating, feedback) values (4, 18, 1, 'Phasellus in felis. Donec semper sapien a libero. Nam dui.

Proin leo odio, porttitor id, consequat in, consequat ut, nulla. Sed accumsan felis. Ut at dolor quis odio consequat varius.');
insert into review (userID, workID, rating, feedback) values (35, 70, 3, 'Lorem ipsum dolor sit amet, consectetuer adipiscing elit. Proin risus. Praesent lectus.

Vestibulum quam sapien, varius ut, blandit non, interdum in, ante. Vestibulum ante ipsum primis in faucibus orci luctus et ultrices posuere cubilia Curae; Duis faucibus accumsan odio. Curabitur convallis.

Duis consequat dui nec nisi volutpat eleifend. Donec ut dolor. Morbi vel lectus in quam fringilla rhoncus.');
insert into review (userID, workID, rating, feedback) values (28, 35, 5, 'Proin leo odio, porttitor id, consequat in, consequat ut, nulla. Sed accumsan felis. Ut at dolor quis odio consequat varius.

Integer ac leo. Pellentesque ultrices mattis odio. Donec vitae nisi.');
insert into review (userID, workID, rating, feedback) values (30, 65, 1, 'Curabitur in libero ut massa volutpat convallis. Morbi odio odio, elementum eu, interdum eu, tincidunt in, leo. Maecenas pulvinar lobortis est.

Phasellus sit amet erat. Nulla tempus. Vivamus in felis eu sapien cursus vestibulum.

Proin eu mi. Nulla ac enim. In tempor, turpis nec euismod scelerisque, quam turpis adipiscing lorem, vitae mattis nibh ligula nec sem.');
insert into review (userID, workID, rating, feedback) values (10, 14, 5, 'Nullam porttitor lacus at turpis. Donec posuere metus vitae ipsum. Aliquam non mauris.');
insert into review (userID, workID, rating, feedback) values (21, 80, 2, 'Quisque porta volutpat erat. Quisque erat eros, viverra eget, congue eget, semper rutrum, nulla. Nunc purus.

Phasellus in felis. Donec semper sapien a libero. Nam dui.

Proin leo odio, porttitor id, consequat in, consequat ut, nulla. Sed accumsan felis. Ut at dolor quis odio consequat varius.');
insert into review (userID, workID, rating, feedback) values (35, 85, 5, 'Phasellus in felis. Donec semper sapien a libero. Nam dui.');
insert into review (userID, workID, rating, feedback) values (6, 46, 1, 'Morbi non lectus. Aliquam sit amet diam in magna bibendum imperdiet. Nullam orci pede, venenatis non, sodales sed, tincidunt eu, felis.');
insert into review (userID, workID, rating, feedback) values (4, 26, 3, 'Praesent id massa id nisl venenatis lacinia. Aenean sit amet justo. Morbi ut odio.');
insert into review (userID, workID, rating, feedback) values (28, 70, 3, 'Maecenas ut massa quis augue luctus tincidunt. Nulla mollis molestie lorem. Quisque ut erat.

Curabitur gravida nisi at nibh. In hac habitasse platea dictumst. Aliquam augue quam, sollicitudin vitae, consectetuer eget, rutrum at, lorem.

Integer tincidunt ante vel ipsum. Praesent blandit lacinia erat. Vestibulum sed magna at nunc commodo placerat.');
insert into review (userID, workID, rating, feedback) values (22, 55, 4, 'Duis bibendum, felis sed interdum venenatis, turpis enim blandit mi, in porttitor pede justo eu massa. Donec dapibus. Duis at velit eu est congue elementum.');
insert into review (userID, workID, rating, feedback) values (25, 11, 3, 'Duis bibendum. Morbi non quam nec dui luctus rutrum. Nulla tellus.

In sagittis dui vel nisl. Duis ac nibh. Fusce lacus purus, aliquet at, feugiat non, pretium quis, lectus.

Suspendisse potenti. In eleifend quam a odio. In hac habitasse platea dictumst.');
insert into review (userID, workID, rating, feedback) values (28, 24, 4, 'Praesent id massa id nisl venenatis lacinia. Aenean sit amet justo. Morbi ut odio.');
insert into review (userID, workID, rating, feedback) values (39, 68, 3, 'Vestibulum quam sapien, varius ut, blandit non, interdum in, ante. Vestibulum ante ipsum primis in faucibus orci luctus et ultrices posuere cubilia Curae; Duis faucibus accumsan odio. Curabitur convallis.

Duis consequat dui nec nisi volutpat eleifend. Donec ut dolor. Morbi vel lectus in quam fringilla rhoncus.');
insert into review (userID, workID, rating, feedback) values (38, 76, 4, 'Proin eu mi. Nulla ac enim. In tempor, turpis nec euismod scelerisque, quam turpis adipiscing lorem, vitae mattis nibh ligula nec sem.

Duis aliquam convallis nunc. Proin at turpis a pede posuere nonummy. Integer non velit.');
insert into review (userID, workID, rating, feedback) values (32, 87, 1, 'Fusce consequat. Nulla nisl. Nunc nisl.

Duis bibendum, felis sed interdum venenatis, turpis enim blandit mi, in porttitor pede justo eu massa. Donec dapibus. Duis at velit eu est congue elementum.');
insert into review (userID, workID, rating, feedback) values (19, 50, 1, 'Nullam porttitor lacus at turpis. Donec posuere metus vitae ipsum. Aliquam non mauris.');
insert into review (userID, workID, rating, feedback) values (13, 56, 2, 'Nullam porttitor lacus at turpis. Donec posuere metus vitae ipsum. Aliquam non mauris.');
insert into review (userID, workID, rating, feedback) values (48, 71, 2, 'Pellentesque at nulla. Suspendisse potenti. Cras in purus eu magna vulputate luctus.

Cum sociis natoque penatibus et magnis dis parturient montes, nascetur ridiculus mus. Vivamus vestibulum sagittis sapien. Cum sociis natoque penatibus et magnis dis parturient montes, nascetur ridiculus mus.');
insert into review (userID, workID, rating, feedback) values (32, 5, 2, 'Praesent blandit. Nam nulla. Integer pede justo, lacinia eget, tincidunt eget, tempus vel, pede.

Morbi porttitor lorem id ligula. Suspendisse ornare consequat lectus. In est risus, auctor sed, tristique in, tempus sit amet, sem.');
insert into review (userID, workID, rating, feedback) values (16, 58, 5, 'Morbi porttitor lorem id ligula. Suspendisse ornare consequat lectus. In est risus, auctor sed, tristique in, tempus sit amet, sem.

Fusce consequat. Nulla nisl. Nunc nisl.

Duis bibendum, felis sed interdum venenatis, turpis enim blandit mi, in porttitor pede justo eu massa. Donec dapibus. Duis at velit eu est congue elementum.');
insert into review (userID, workID, rating, feedback) values (32, 8, 0, 'Nullam sit amet turpis elementum ligula vehicula consequat. Morbi a ipsum. Integer a nibh.');
insert into review (userID, workID, rating, feedback) values (13, 26, 4, 'Proin leo odio, porttitor id, consequat in, consequat ut, nulla. Sed accumsan felis. Ut at dolor quis odio consequat varius.

Integer ac leo. Pellentesque ultrices mattis odio. Donec vitae nisi.

Nam ultrices, libero non mattis pulvinar, nulla pede ullamcorper augue, a suscipit nulla elit ac nulla. Sed vel enim sit amet nunc viverra dapibus. Nulla suscipit ligula in lacus.');
insert into review (userID, workID, rating, feedback) values (13, 64, 1, 'Quisque id justo sit amet sapien dignissim vestibulum. Vestibulum ante ipsum primis in faucibus orci luctus et ultrices posuere cubilia Curae; Nulla dapibus dolor vel est. Donec odio justo, sollicitudin ut, suscipit a, feugiat et, eros.');
insert into review (userID, workID, rating, feedback) values (38, 69, 2, 'Proin interdum mauris non ligula pellentesque ultrices. Phasellus id sapien in sapien iaculis congue. Vivamus metus arcu, adipiscing molestie, hendrerit at, vulputate vitae, nisl.

Aenean lectus. Pellentesque eget nunc. Donec quis orci eget orci vehicula condimentum.

Curabitur in libero ut massa volutpat convallis. Morbi odio odio, elementum eu, interdum eu, tincidunt in, leo. Maecenas pulvinar lobortis est.');
insert into review (userID, workID, rating, feedback) values (28, 49, 3, 'Fusce consequat. Nulla nisl. Nunc nisl.

Duis bibendum, felis sed interdum venenatis, turpis enim blandit mi, in porttitor pede justo eu massa. Donec dapibus. Duis at velit eu est congue elementum.

In hac habitasse platea dictumst. Morbi vestibulum, velit id pretium iaculis, diam erat fermentum justo, nec condimentum neque sapien placerat ante. Nulla justo.');
insert into review (userID, workID, rating, feedback) values (19, 34, 4, 'Suspendisse potenti. In eleifend quam a odio. In hac habitasse platea dictumst.

Maecenas ut massa quis augue luctus tincidunt. Nulla mollis molestie lorem. Quisque ut erat.');
insert into review (userID, workID, rating, feedback) values (32, 85, 0, 'Cras non velit nec nisi vulputate nonummy. Maecenas tincidunt lacus at velit. Vivamus vel nulla eget eros elementum pellentesque.

Quisque porta volutpat erat. Quisque erat eros, viverra eget, congue eget, semper rutrum, nulla. Nunc purus.

Phasellus in felis. Donec semper sapien a libero. Nam dui.');
insert into review (userID, workID, rating, feedback) values (32, 72, 1, 'Praesent id massa id nisl venenatis lacinia. Aenean sit amet justo. Morbi ut odio.

Cras mi pede, malesuada in, imperdiet et, commodo vulputate, justo. In blandit ultrices enim. Lorem ipsum dolor sit amet, consectetuer adipiscing elit.');
insert into review (userID, workID, rating, feedback) values (48, 19, 2, 'Maecenas ut massa quis augue luctus tincidunt. Nulla mollis molestie lorem. Quisque ut erat.

Curabitur gravida nisi at nibh. In hac habitasse platea dictumst. Aliquam augue quam, sollicitudin vitae, consectetuer eget, rutrum at, lorem.');
insert into review (userID, workID, rating, feedback) values (19, 30, 4, 'Proin eu mi. Nulla ac enim. In tempor, turpis nec euismod scelerisque, quam turpis adipiscing lorem, vitae mattis nibh ligula nec sem.

Duis aliquam convallis nunc. Proin at turpis a pede posuere nonummy. Integer non velit.');
insert into review (userID, workID, rating, feedback) values (16, 73, 4, 'Sed sagittis. Nam congue, risus semper porta volutpat, quam pede lobortis ligula, sit amet eleifend pede libero quis orci. Nullam molestie nibh in lectus.

Pellentesque at nulla. Suspendisse potenti. Cras in purus eu magna vulputate luctus.

Cum sociis natoque penatibus et magnis dis parturient montes, nascetur ridiculus mus. Vivamus vestibulum sagittis sapien. Cum sociis natoque penatibus et magnis dis parturient montes, nascetur ridiculus mus.');
insert into review (userID, workID, rating, feedback) values (32, 36, 5, 'Proin eu mi. Nulla ac enim. In tempor, turpis nec euismod scelerisque, quam turpis adipiscing lorem, vitae mattis nibh ligula nec sem.');
insert into review (userID, workID, rating, feedback) values (19, 22, 3, 'Nullam sit amet turpis elementum ligula vehicula consequat. Morbi a ipsum. Integer a nibh.');
insert into review (userID, workID, rating, feedback) values (32, 6, 4, 'Nam ultrices, libero non mattis pulvinar, nulla pede ullamcorper augue, a suscipit nulla elit ac nulla. Sed vel enim sit amet nunc viverra dapibus. Nulla suscipit ligula in lacus.

Curabitur at ipsum ac tellus semper interdum. Mauris ullamcorper purus sit amet nulla. Quisque arcu libero, rutrum ac, lobortis vel, dapibus at, diam.');
insert into review (userID, workID, rating, feedback) values (15, 14, 0, 'In quis justo. Maecenas rhoncus aliquam lacus. Morbi quis tortor id nulla ultrices aliquet.

Maecenas leo odio, condimentum id, luctus nec, molestie sed, justo. Pellentesque viverra pede ac diam. Cras pellentesque volutpat dui.

Maecenas tristique, est et tempus semper, est quam pharetra magna, ac consequat metus sapien ut nunc. Vestibulum ante ipsum primis in faucibus orci luctus et ultrices posuere cubilia Curae; Mauris viverra diam vitae quam. Suspendisse potenti.');
insert into review (userID, workID, rating, feedback) values (16, 12, 1, 'Duis bibendum. Morbi non quam nec dui luctus rutrum. Nulla tellus.

In sagittis dui vel nisl. Duis ac nibh. Fusce lacus purus, aliquet at, feugiat non, pretium quis, lectus.');
insert into review (userID, workID, rating, feedback) values (45, 35, 7, 'Morbi porttitor lorem id ligula. Suspendisse ornare consequat lectus. In est risus, auctor sed, tristique in, tempus sit amet, sem.

Fusce consequat. Nulla nisl. Nunc nisl.');
insert into review (userID, workID, rating, feedback) values (22, 73, 10, 'Morbi non lectus. Aliquam sit amet diam in magna bibendum imperdiet. Nullam orci pede, venenatis non, sodales sed, tincidunt eu, felis.

Fusce posuere felis sed lacus. Morbi sem mauris, laoreet ut, rhoncus aliquet, pulvinar sed, nisl. Nunc rhoncus dui vel sem.');
insert into review (userID, workID, rating, feedback) values (44, 39, 1, 'Donec diam neque, vestibulum eget, vulputate ut, ultrices vel, augue. Vestibulum ante ipsum primis in faucibus orci luctus et ultrices posuere cubilia Curae; Donec pharetra, magna vestibulum aliquet ultrices, erat tortor sollicitudin mi, sit amet lobortis sapien sapien non mi. Integer ac neque.');
insert into review (userID, workID, rating, feedback) values (16, 44, 9, 'Cras non velit nec nisi vulputate nonummy. Maecenas tincidunt lacus at velit. Vivamus vel nulla eget eros elementum pellentesque.

Quisque porta volutpat erat. Quisque erat eros, viverra eget, congue eget, semper rutrum, nulla. Nunc purus.');
insert into review (userID, workID, rating, feedback) values (43, 39, 0, 'Proin leo odio, porttitor id, consequat in, consequat ut, nulla. Sed accumsan felis. Ut at dolor quis odio consequat varius.');
insert into review (userID, workID, rating, feedback) values (43, 5, 1, 'Cum sociis natoque penatibus et magnis dis parturient montes, nascetur ridiculus mus. Vivamus vestibulum sagittis sapien. Cum sociis natoque penatibus et magnis dis parturient montes, nascetur ridiculus mus.

Etiam vel augue. Vestibulum rutrum rutrum neque. Aenean auctor gravida sem.');
insert into review (userID, workID, rating, feedback) values (29, 16, 10, 'Cum sociis natoque penatibus et magnis dis parturient montes, nascetur ridiculus mus. Vivamus vestibulum sagittis sapien. Cum sociis natoque penatibus et magnis dis parturient montes, nascetur ridiculus mus.

Etiam vel augue. Vestibulum rutrum rutrum neque. Aenean auctor gravida sem.

Praesent id massa id nisl venenatis lacinia. Aenean sit amet justo. Morbi ut odio.');
insert into review (userID, workID, rating, feedback) values (22, 66, 2, 'Cras mi pede, malesuada in, imperdiet et, commodo vulputate, justo. In blandit ultrices enim. Lorem ipsum dolor sit amet, consectetuer adipiscing elit.');
insert into review (userID, workID, rating, feedback) values (32, 30, 4, 'In quis justo. Maecenas rhoncus aliquam lacus. Morbi quis tortor id nulla ultrices aliquet.

Maecenas leo odio, condimentum id, luctus nec, molestie sed, justo. Pellentesque viverra pede ac diam. Cras pellentesque volutpat dui.');
insert into review (userID, workID, rating, feedback) values (44, 85, 2, 'Fusce posuere felis sed lacus. Morbi sem mauris, laoreet ut, rhoncus aliquet, pulvinar sed, nisl. Nunc rhoncus dui vel sem.

Sed sagittis. Nam congue, risus semper porta volutpat, quam pede lobortis ligula, sit amet eleifend pede libero quis orci. Nullam molestie nibh in lectus.

Pellentesque at nulla. Suspendisse potenti. Cras in purus eu magna vulputate luctus.');
insert into review (userID, workID, rating, feedback) values (43, 15, 3, 'Cras non velit nec nisi vulputate nonummy. Maecenas tincidunt lacus at velit. Vivamus vel nulla eget eros elementum pellentesque.');
insert into review (userID, workID, rating, feedback) values (45, 87, 7, 'Vestibulum ac est lacinia nisi venenatis tristique. Fusce congue, diam id ornare imperdiet, sapien urna pretium nisl, ut volutpat sapien arcu sed augue. Aliquam erat volutpat.

In congue. Etiam justo. Etiam pretium iaculis justo.');
insert into review (userID, workID, rating, feedback) values (44, 27, 5, 'Nullam porttitor lacus at turpis. Donec posuere metus vitae ipsum. Aliquam non mauris.

Morbi non lectus. Aliquam sit amet diam in magna bibendum imperdiet. Nullam orci pede, venenatis non, sodales sed, tincidunt eu, felis.');
insert into review (userID, workID, rating, feedback) values (16, 47, 10, 'Duis aliquam convallis nunc. Proin at turpis a pede posuere nonummy. Integer non velit.

Donec diam neque, vestibulum eget, vulputate ut, ultrices vel, augue. Vestibulum ante ipsum primis in faucibus orci luctus et ultrices posuere cubilia Curae; Donec pharetra, magna vestibulum aliquet ultrices, erat tortor sollicitudin mi, sit amet lobortis sapien sapien non mi. Integer ac neque.

Duis bibendum. Morbi non quam nec dui luctus rutrum. Nulla tellus.');
insert into review (userID, workID, rating, feedback) values (32, 79, 7, 'Suspendisse potenti. In eleifend quam a odio. In hac habitasse platea dictumst.

Maecenas ut massa quis augue luctus tincidunt. Nulla mollis molestie lorem. Quisque ut erat.');
insert into review (userID, workID, rating, feedback) values (44, 4, 2, 'Maecenas leo odio, condimentum id, luctus nec, molestie sed, justo. Pellentesque viverra pede ac diam. Cras pellentesque volutpat dui.

Maecenas tristique, est et tempus semper, est quam pharetra magna, ac consequat metus sapien ut nunc. Vestibulum ante ipsum primis in faucibus orci luctus et ultrices posuere cubilia Curae; Mauris viverra diam vitae quam. Suspendisse potenti.

Nullam porttitor lacus at turpis. Donec posuere metus vitae ipsum. Aliquam non mauris.');
insert into review (userID, workID, rating, feedback) values (32, 31, 4, 'Cum sociis natoque penatibus et magnis dis parturient montes, nascetur ridiculus mus. Vivamus vestibulum sagittis sapien. Cum sociis natoque penatibus et magnis dis parturient montes, nascetur ridiculus mus.');
insert into review (userID, workID, rating, feedback) values (43, 72, 2, 'Fusce posuere felis sed lacus. Morbi sem mauris, laoreet ut, rhoncus aliquet, pulvinar sed, nisl. Nunc rhoncus dui vel sem.

Sed sagittis. Nam congue, risus semper porta volutpat, quam pede lobortis ligula, sit amet eleifend pede libero quis orci. Nullam molestie nibh in lectus.

Pellentesque at nulla. Suspendisse potenti. Cras in purus eu magna vulputate luctus.');
insert into review (userID, workID, rating, feedback) values (45, 52, 3, 'Duis aliquam convallis nunc. Proin at turpis a pede posuere nonummy. Integer non velit.

Donec diam neque, vestibulum eget, vulputate ut, ultrices vel, augue. Vestibulum ante ipsum primis in faucibus orci luctus et ultrices posuere cubilia Curae; Donec pharetra, magna vestibulum aliquet ultrices, erat tortor sollicitudin mi, sit amet lobortis sapien sapien non mi. Integer ac neque.');
insert into review (userID, workID, rating, feedback) values (29, 72, 0, 'Duis bibendum. Morbi non quam nec dui luctus rutrum. Nulla tellus.

In sagittis dui vel nisl. Duis ac nibh. Fusce lacus purus, aliquet at, feugiat non, pretium quis, lectus.

Suspendisse potenti. In eleifend quam a odio. In hac habitasse platea dictumst.');
insert into review (userID, workID, rating, feedback) values (43, 56, 6, 'Cum sociis natoque penatibus et magnis dis parturient montes, nascetur ridiculus mus. Vivamus vestibulum sagittis sapien. Cum sociis natoque penatibus et magnis dis parturient montes, nascetur ridiculus mus.

Etiam vel augue. Vestibulum rutrum rutrum neque. Aenean auctor gravida sem.

Praesent id massa id nisl venenatis lacinia. Aenean sit amet justo. Morbi ut odio.');
insert into review (userID, workID, rating, feedback) values (45, 74, 4, 'Morbi porttitor lorem id ligula. Suspendisse ornare consequat lectus. In est risus, auctor sed, tristique in, tempus sit amet, sem.');
insert into review (userID, workID, rating, feedback) values (16, 33, 8, 'Phasellus in felis. Donec semper sapien a libero. Nam dui.');
insert into review (userID, workID, rating, feedback) values (16, 51, 6, 'Morbi non lectus. Aliquam sit amet diam in magna bibendum imperdiet. Nullam orci pede, venenatis non, sodales sed, tincidunt eu, felis.');
insert into review (userID, workID, rating, feedback) values (43, 83, 10, 'Etiam vel augue. Vestibulum rutrum rutrum neque. Aenean auctor gravida sem.

Praesent id massa id nisl venenatis lacinia. Aenean sit amet justo. Morbi ut odio.

Cras mi pede, malesuada in, imperdiet et, commodo vulputate, justo. In blandit ultrices enim. Lorem ipsum dolor sit amet, consectetuer adipiscing elit.');
insert into review (userID, workID, rating, feedback) values (15, 8, 9, 'In hac habitasse platea dictumst. Morbi vestibulum, velit id pretium iaculis, diam erat fermentum justo, nec condimentum neque sapien placerat ante. Nulla justo.

Aliquam quis turpis eget elit sodales scelerisque. Mauris sit amet eros. Suspendisse accumsan tortor quis turpis.

Sed ante. Vivamus tortor. Duis mattis egestas metus.');
insert into review (userID, workID, rating, feedback) values (4, 86, 3, 'Vestibulum quam sapien, varius ut, blandit non, interdum in, ante. Vestibulum ante ipsum primis in faucibus orci luctus et ultrices posuere cubilia Curae; Duis faucibus accumsan odio. Curabitur convallis.

Duis consequat dui nec nisi volutpat eleifend. Donec ut dolor. Morbi vel lectus in quam fringilla rhoncus.

Mauris enim leo, rhoncus sed, vestibulum sit amet, cursus id, turpis. Integer aliquet, massa id lobortis convallis, tortor risus dapibus augue, vel accumsan tellus nisi eu orci. Mauris lacinia sapien quis libero.');
insert into review (userID, workID, rating, feedback) values (16, 87, 7, 'Sed sagittis. Nam congue, risus semper porta volutpat, quam pede lobortis ligula, sit amet eleifend pede libero quis orci. Nullam molestie nibh in lectus.

Pellentesque at nulla. Suspendisse potenti. Cras in purus eu magna vulputate luctus.

Cum sociis natoque penatibus et magnis dis parturient montes, nascetur ridiculus mus. Vivamus vestibulum sagittis sapien. Cum sociis natoque penatibus et magnis dis parturient montes, nascetur ridiculus mus.');
insert into review (userID, workID, rating, feedback) values (4, 85, 5, 'Duis bibendum. Morbi non quam nec dui luctus rutrum. Nulla tellus.

In sagittis dui vel nisl. Duis ac nibh. Fusce lacus purus, aliquet at, feugiat non, pretium quis, lectus.');
insert into review (userID, workID, rating, feedback) values (43, 79, 9, 'In congue. Etiam justo. Etiam pretium iaculis justo.');
insert into review (userID, workID, rating, feedback) values (34, 10, 2, 'Vestibulum quam sapien, varius ut, blandit non, interdum in, ante. Vestibulum ante ipsum primis in faucibus orci luctus et ultrices posuere cubilia Curae; Duis faucibus accumsan odio. Curabitur convallis.

Duis consequat dui nec nisi volutpat eleifend. Donec ut dolor. Morbi vel lectus in quam fringilla rhoncus.

Mauris enim leo, rhoncus sed, vestibulum sit amet, cursus id, turpis. Integer aliquet, massa id lobortis convallis, tortor risus dapibus augue, vel accumsan tellus nisi eu orci. Mauris lacinia sapien quis libero.');
insert into review (userID, workID, rating, feedback) values (43, 82, 4, 'Maecenas tristique, est et tempus semper, est quam pharetra magna, ac consequat metus sapien ut nunc. Vestibulum ante ipsum primis in faucibus orci luctus et ultrices posuere cubilia Curae; Mauris viverra diam vitae quam. Suspendisse potenti.

Nullam porttitor lacus at turpis. Donec posuere metus vitae ipsum. Aliquam non mauris.

Morbi non lectus. Aliquam sit amet diam in magna bibendum imperdiet. Nullam orci pede, venenatis non, sodales sed, tincidunt eu, felis.');
insert into review (userID, workID, rating, feedback) values (45, 80, 61, 'Proin leo odio, porttitor id, consequat in, consequat ut, nulla. Sed accumsan felis. Ut at dolor quis odio consequat varius.

Integer ac leo. Pellentesque ultrices mattis odio. Donec vitae nisi.');
insert into review (userID, workID, rating, feedback) values (35, 81, 4, 'Proin eu mi. Nulla ac enim. In tempor, turpis nec euismod scelerisque, quam turpis adipiscing lorem, vitae mattis nibh ligula nec sem.

Duis aliquam convallis nunc. Proin at turpis a pede posuere nonummy. Integer non velit.');
insert into review (userID, workID, rating, feedback) values (29, 37, 94, 'Nullam sit amet turpis elementum ligula vehicula consequat. Morbi a ipsum. Integer a nibh.

In quis justo. Maecenas rhoncus aliquam lacus. Morbi quis tortor id nulla ultrices aliquet.');
insert into review (userID, workID, rating, feedback) values (16, 52, 28, 'Curabitur at ipsum ac tellus semper interdum. Mauris ullamcorper purus sit amet nulla. Quisque arcu libero, rutrum ac, lobortis vel, dapibus at, diam.');
insert into review (userID, workID, rating, feedback) values (4, 31, 47, 'Lorem ipsum dolor sit amet, consectetuer adipiscing elit. Proin risus. Praesent lectus.

Vestibulum quam sapien, varius ut, blandit non, interdum in, ante. Vestibulum ante ipsum primis in faucibus orci luctus et ultrices posuere cubilia Curae; Duis faucibus accumsan odio. Curabitur convallis.');
insert into review (userID, workID, rating, feedback) values (16, 62, 97, 'Nulla ut erat id mauris vulputate elementum. Nullam varius. Nulla facilisi.');
insert into review (userID, workID, rating, feedback) values (47, 69, 82, 'Fusce consequat. Nulla nisl. Nunc nisl.');
insert into review (userID, workID, rating, feedback) values (16, 54, 59, 'In sagittis dui vel nisl. Duis ac nibh. Fusce lacus purus, aliquet at, feugiat non, pretium quis, lectus.

Suspendisse potenti. In eleifend quam a odio. In hac habitasse platea dictumst.');
insert into review (userID, workID, rating, feedback) values (35, 5, 54, 'In hac habitasse platea dictumst. Morbi vestibulum, velit id pretium iaculis, diam erat fermentum justo, nec condimentum neque sapien placerat ante. Nulla justo.');
insert into review (userID, workID, rating, feedback) values (35, 24, 47, 'Sed ante. Vivamus tortor. Duis mattis egestas metus.

Aenean fermentum. Donec ut mauris eget massa tempor convallis. Nulla neque libero, convallis eget, eleifend luctus, ultricies eu, nibh.

Quisque id justo sit amet sapien dignissim vestibulum. Vestibulum ante ipsum primis in faucibus orci luctus et ultrices posuere cubilia Curae; Nulla dapibus dolor vel est. Donec odio justo, sollicitudin ut, suscipit a, feugiat et, eros.');
insert into review (userID, workID, rating, feedback) values (35, 10, 9, 'Donec diam neque, vestibulum eget, vulputate ut, ultrices vel, augue. Vestibulum ante ipsum primis in faucibus orci luctus et ultrices posuere cubilia Curae; Donec pharetra, magna vestibulum aliquet ultrices, erat tortor sollicitudin mi, sit amet lobortis sapien sapien non mi. Integer ac neque.

Duis bibendum. Morbi non quam nec dui luctus rutrum. Nulla tellus.

In sagittis dui vel nisl. Duis ac nibh. Fusce lacus purus, aliquet at, feugiat non, pretium quis, lectus.');
insert into review (userID, workID, rating, feedback) values (4, 80, 97, 'Duis aliquam convallis nunc. Proin at turpis a pede posuere nonummy. Integer non velit.

Donec diam neque, vestibulum eget, vulputate ut, ultrices vel, augue. Vestibulum ante ipsum primis in faucibus orci luctus et ultrices posuere cubilia Curae; Donec pharetra, magna vestibulum aliquet ultrices, erat tortor sollicitudin mi, sit amet lobortis sapien sapien non mi. Integer ac neque.');
insert into review (userID, workID, rating, feedback) values (29, 85, 20, 'In hac habitasse platea dictumst. Morbi vestibulum, velit id pretium iaculis, diam erat fermentum justo, nec condimentum neque sapien placerat ante. Nulla justo.

Aliquam quis turpis eget elit sodales scelerisque. Mauris sit amet eros. Suspendisse accumsan tortor quis turpis.

Sed ante. Vivamus tortor. Duis mattis egestas metus.');
insert into review (userID, workID, rating, feedback) values (39, 29, 94, 'In hac habitasse platea dictumst. Etiam faucibus cursus urna. Ut tellus.

Nulla ut erat id mauris vulputate elementum. Nullam varius. Nulla facilisi.

Cras non velit nec nisi vulputate nonummy. Maecenas tincidunt lacus at velit. Vivamus vel nulla eget eros elementum pellentesque.');
insert into review (userID, workID, rating, feedback) values (38, 27, 66, 'In congue. Etiam justo. Etiam pretium iaculis justo.');
insert into review (userID, workID, rating, feedback) values (4, 48, 68, 'In hac habitasse platea dictumst. Etiam faucibus cursus urna. Ut tellus.

Nulla ut erat id mauris vulputate elementum. Nullam varius. Nulla facilisi.');
insert into review (userID, workID, rating, feedback) values (22, 49, 54, 'Duis bibendum. Morbi non quam nec dui luctus rutrum. Nulla tellus.');
insert into review (userID, workID, rating, feedback) values (39, 77, 68, 'Proin interdum mauris non ligula pellentesque ultrices. Phasellus id sapien in sapien iaculis congue. Vivamus metus arcu, adipiscing molestie, hendrerit at, vulputate vitae, nisl.

Aenean lectus. Pellentesque eget nunc. Donec quis orci eget orci vehicula condimentum.

Curabitur in libero ut massa volutpat convallis. Morbi odio odio, elementum eu, interdum eu, tincidunt in, leo. Maecenas pulvinar lobortis est.');
insert into review (userID, workID, rating, feedback) values (15, 60, 26, 'Proin interdum mauris non ligula pellentesque ultrices. Phasellus id sapien in sapien iaculis congue. Vivamus metus arcu, adipiscing molestie, hendrerit at, vulputate vitae, nisl.

Aenean lectus. Pellentesque eget nunc. Donec quis orci eget orci vehicula condimentum.

Curabitur in libero ut massa volutpat convallis. Morbi odio odio, elementum eu, interdum eu, tincidunt in, leo. Maecenas pulvinar lobortis est.');
insert into review (userID, workID, rating, feedback) values (26, 33, 40, 'Proin eu mi. Nulla ac enim. In tempor, turpis nec euismod scelerisque, quam turpis adipiscing lorem, vitae mattis nibh ligula nec sem.');
insert into review (userID, workID, rating, feedback) values (38, 73, 35, 'Integer ac leo. Pellentesque ultrices mattis odio. Donec vitae nisi.

Nam ultrices, libero non mattis pulvinar, nulla pede ullamcorper augue, a suscipit nulla elit ac nulla. Sed vel enim sit amet nunc viverra dapibus. Nulla suscipit ligula in lacus.

Curabitur at ipsum ac tellus semper interdum. Mauris ullamcorper purus sit amet nulla. Quisque arcu libero, rutrum ac, lobortis vel, dapibus at, diam.');
insert into review (userID, workID, rating, feedback) values (39, 51, 67, 'Morbi non lectus. Aliquam sit amet diam in magna bibendum imperdiet. Nullam orci pede, venenatis non, sodales sed, tincidunt eu, felis.');
insert into review (userID, workID, rating, feedback) values (15, 35, 45, 'Proin interdum mauris non ligula pellentesque ultrices. Phasellus id sapien in sapien iaculis congue. Vivamus metus arcu, adipiscing molestie, hendrerit at, vulputate vitae, nisl.');
insert into review (userID, workID, rating, feedback) values (35, 84, 0, 'Integer tincidunt ante vel ipsum. Praesent blandit lacinia erat. Vestibulum sed magna at nunc commodo placerat.

Praesent blandit. Nam nulla. Integer pede justo, lacinia eget, tincidunt eget, tempus vel, pede.

Morbi porttitor lorem id ligula. Suspendisse ornare consequat lectus. In est risus, auctor sed, tristique in, tempus sit amet, sem.');
insert into review (userID, workID, rating, feedback) values (22, 71, 34, 'Sed ante. Vivamus tortor. Duis mattis egestas metus.

Aenean fermentum. Donec ut mauris eget massa tempor convallis. Nulla neque libero, convallis eget, eleifend luctus, ultricies eu, nibh.');
insert into review (userID, workID, rating, feedback) values (47, 11, 83, 'Sed ante. Vivamus tortor. Duis mattis egestas metus.

Aenean fermentum. Donec ut mauris eget massa tempor convallis. Nulla neque libero, convallis eget, eleifend luctus, ultricies eu, nibh.');
insert into review (userID, workID, rating, feedback) values (45, 39, 48, 'Maecenas ut massa quis augue luctus tincidunt. Nulla mollis molestie lorem. Quisque ut erat.

Curabitur gravida nisi at nibh. In hac habitasse platea dictumst. Aliquam augue quam, sollicitudin vitae, consectetuer eget, rutrum at, lorem.

Integer tincidunt ante vel ipsum. Praesent blandit lacinia erat. Vestibulum sed magna at nunc commodo placerat.');
insert into review (userID, workID, rating, feedback) values (47, 21, 0, 'Lorem ipsum dolor sit amet, consectetuer adipiscing elit. Proin risus. Praesent lectus.');
insert into review (userID, workID, rating, feedback) values (39, 47, 82, 'Quisque id justo sit amet sapien dignissim vestibulum. Vestibulum ante ipsum primis in faucibus orci luctus et ultrices posuere cubilia Curae; Nulla dapibus dolor vel est. Donec odio justo, sollicitudin ut, suscipit a, feugiat et, eros.

Vestibulum ac est lacinia nisi venenatis tristique. Fusce congue, diam id ornare imperdiet, sapien urna pretium nisl, ut volutpat sapien arcu sed augue. Aliquam erat volutpat.');
insert into review (userID, workID, rating, feedback) values (15, 23, 22, 'Duis bibendum. Morbi non quam nec dui luctus rutrum. Nulla tellus.');
insert into review (userID, workID, rating, feedback) values (15, 9, 3, 'Aenean fermentum. Donec ut mauris eget massa tempor convallis. Nulla neque libero, convallis eget, eleifend luctus, ultricies eu, nibh.

Quisque id justo sit amet sapien dignissim vestibulum. Vestibulum ante ipsum primis in faucibus orci luctus et ultrices posuere cubilia Curae; Nulla dapibus dolor vel est. Donec odio justo, sollicitudin ut, suscipit a, feugiat et, eros.

Vestibulum ac est lacinia nisi venenatis tristique. Fusce congue, diam id ornare imperdiet, sapien urna pretium nisl, ut volutpat sapien arcu sed augue. Aliquam erat volutpat.');
insert into review (userID, workID, rating, feedback) values (15, 40, 24, 'Etiam vel augue. Vestibulum rutrum rutrum neque. Aenean auctor gravida sem.

Praesent id massa id nisl venenatis lacinia. Aenean sit amet justo. Morbi ut odio.

Cras mi pede, malesuada in, imperdiet et, commodo vulputate, justo. In blandit ultrices enim. Lorem ipsum dolor sit amet, consectetuer adipiscing elit.');
insert into review (userID, workID, rating, feedback) values (26, 76, 14, 'Nulla ut erat id mauris vulputate elementum. Nullam varius. Nulla facilisi.

Cras non velit nec nisi vulputate nonummy. Maecenas tincidunt lacus at velit. Vivamus vel nulla eget eros elementum pellentesque.');
insert into review (userID, workID, rating, feedback) values (38, 28, 87, 'Suspendisse potenti. In eleifend quam a odio. In hac habitasse platea dictumst.

Maecenas ut massa quis augue luctus tincidunt. Nulla mollis molestie lorem. Quisque ut erat.

Curabitur gravida nisi at nibh. In hac habitasse platea dictumst. Aliquam augue quam, sollicitudin vitae, consectetuer eget, rutrum at, lorem.');
insert into review (userID, workID, rating, feedback) values (38, 22, 81, 'Aenean fermentum. Donec ut mauris eget massa tempor convallis. Nulla neque libero, convallis eget, eleifend luctus, ultricies eu, nibh.

Quisque id justo sit amet sapien dignissim vestibulum. Vestibulum ante ipsum primis in faucibus orci luctus et ultrices posuere cubilia Curae; Nulla dapibus dolor vel est. Donec odio justo, sollicitudin ut, suscipit a, feugiat et, eros.

Vestibulum ac est lacinia nisi venenatis tristique. Fusce congue, diam id ornare imperdiet, sapien urna pretium nisl, ut volutpat sapien arcu sed augue. Aliquam erat volutpat.');
insert into review (userID, workID, rating, feedback) values (33, 20, 88, 'In sagittis dui vel nisl. Duis ac nibh. Fusce lacus purus, aliquet at, feugiat non, pretium quis, lectus.

Suspendisse potenti. In eleifend quam a odio. In hac habitasse platea dictumst.

Maecenas ut massa quis augue luctus tincidunt. Nulla mollis molestie lorem. Quisque ut erat.');
insert into review (userID, workID, rating, feedback) values (47, 45, 31, 'Praesent id massa id nisl venenatis lacinia. Aenean sit amet justo. Morbi ut odio.');
insert into review (userID, workID, rating, feedback) values (27, 10, 3, 'Phasellus in felis. Donec semper sapien a libero. Nam dui.

Proin leo odio, porttitor id, consequat in, consequat ut, nulla. Sed accumsan felis. Ut at dolor quis odio consequat varius.

Integer ac leo. Pellentesque ultrices mattis odio. Donec vitae nisi.');
insert into review (userID, workID, rating, feedback) values (15, 33, 8, 'Aenean fermentum. Donec ut mauris eget massa tempor convallis. Nulla neque libero, convallis eget, eleifend luctus, ultricies eu, nibh.');
insert into review (userID, workID, rating, feedback) values (6, 19, 8, 'Fusce consequat. Nulla nisl. Nunc nisl.

Duis bibendum, felis sed interdum venenatis, turpis enim blandit mi, in porttitor pede justo eu massa. Donec dapibus. Duis at velit eu est congue elementum.

In hac habitasse platea dictumst. Morbi vestibulum, velit id pretium iaculis, diam erat fermentum justo, nec condimentum neque sapien placerat ante. Nulla justo.');
insert into review (userID, workID, rating, feedback) values (6, 61, 2, 'Fusce consequat. Nulla nisl. Nunc nisl.

Duis bibendum, felis sed interdum venenatis, turpis enim blandit mi, in porttitor pede justo eu massa. Donec dapibus. Duis at velit eu est congue elementum.

In hac habitasse platea dictumst. Morbi vestibulum, velit id pretium iaculis, diam erat fermentum justo, nec condimentum neque sapien placerat ante. Nulla justo.');
insert into review (userID, workID, rating, feedback) values (38, 21, 2, 'Aliquam quis turpis eget elit sodales scelerisque. Mauris sit amet eros. Suspendisse accumsan tortor quis turpis.');
insert into review (userID, workID, rating, feedback) values (4, 33, 10, 'Phasellus sit amet erat. Nulla tempus. Vivamus in felis eu sapien cursus vestibulum.');
insert into review (userID, workID, rating, feedback) values (6, 23, 0, 'Proin interdum mauris non ligula pellentesque ultrices. Phasellus id sapien in sapien iaculis congue. Vivamus metus arcu, adipiscing molestie, hendrerit at, vulputate vitae, nisl.

Aenean lectus. Pellentesque eget nunc. Donec quis orci eget orci vehicula condimentum.

Curabitur in libero ut massa volutpat convallis. Morbi odio odio, elementum eu, interdum eu, tincidunt in, leo. Maecenas pulvinar lobortis est.');
insert into review (userID, workID, rating, feedback) values (30, 26, 8, 'Suspendisse potenti. In eleifend quam a odio. In hac habitasse platea dictumst.

Maecenas ut massa quis augue luctus tincidunt. Nulla mollis molestie lorem. Quisque ut erat.

Curabitur gravida nisi at nibh. In hac habitasse platea dictumst. Aliquam augue quam, sollicitudin vitae, consectetuer eget, rutrum at, lorem.');
insert into review (userID, workID, rating, feedback) values (27, 66, 9, 'Nullam sit amet turpis elementum ligula vehicula consequat. Morbi a ipsum. Integer a nibh.

In quis justo. Maecenas rhoncus aliquam lacus. Morbi quis tortor id nulla ultrices aliquet.');
insert into review (userID, workID, rating, feedback) values (33, 36, 9, 'Maecenas leo odio, condimentum id, luctus nec, molestie sed, justo. Pellentesque viverra pede ac diam. Cras pellentesque volutpat dui.

Maecenas tristique, est et tempus semper, est quam pharetra magna, ac consequat metus sapien ut nunc. Vestibulum ante ipsum primis in faucibus orci luctus et ultrices posuere cubilia Curae; Mauris viverra diam vitae quam. Suspendisse potenti.

Nullam porttitor lacus at turpis. Donec posuere metus vitae ipsum. Aliquam non mauris.');
insert into review (userID, workID, rating, feedback) values (34, 41, 5, 'Aliquam quis turpis eget elit sodales scelerisque. Mauris sit amet eros. Suspendisse accumsan tortor quis turpis.

Sed ante. Vivamus tortor. Duis mattis egestas metus.');
insert into review (userID, workID, rating, feedback) values (27, 21, 7, 'Praesent blandit. Nam nulla. Integer pede justo, lacinia eget, tincidunt eget, tempus vel, pede.');
insert into review (userID, workID, rating, feedback) values (9, 71, 6, 'Aenean fermentum. Donec ut mauris eget massa tempor convallis. Nulla neque libero, convallis eget, eleifend luctus, ultricies eu, nibh.');
insert into review (userID, workID, rating, feedback) values (32, 80, 7, 'Duis bibendum, felis sed interdum venenatis, turpis enim blandit mi, in porttitor pede justo eu massa. Donec dapibus. Duis at velit eu est congue elementum.');
insert into review (userID, workID, rating, feedback) values (27, 46, 10, 'Duis consequat dui nec nisi volutpat eleifend. Donec ut dolor. Morbi vel lectus in quam fringilla rhoncus.');
insert into review (userID, workID, rating, feedback) values (28, 65, 7, 'Praesent id massa id nisl venenatis lacinia. Aenean sit amet justo. Morbi ut odio.');
insert into review (userID, workID, rating, feedback) values (4, 70, 9, 'Proin eu mi. Nulla ac enim. In tempor, turpis nec euismod scelerisque, quam turpis adipiscing lorem, vitae mattis nibh ligula nec sem.

Duis aliquam convallis nunc. Proin at turpis a pede posuere nonummy. Integer non velit.');
insert into review (userID, workID, rating, feedback) values (4, 9, 6, 'Duis consequat dui nec nisi volutpat eleifend. Donec ut dolor. Morbi vel lectus in quam fringilla rhoncus.');
insert into review (userID, workID, rating, feedback) values (30, 67, 4, 'Duis bibendum, felis sed interdum venenatis, turpis enim blandit mi, in porttitor pede justo eu massa. Donec dapibus. Duis at velit eu est congue elementum.

In hac habitasse platea dictumst. Morbi vestibulum, velit id pretium iaculis, diam erat fermentum justo, nec condimentum neque sapien placerat ante. Nulla justo.');
insert into review (userID, workID, rating, feedback) values (6, 86, 9, 'In hac habitasse platea dictumst. Morbi vestibulum, velit id pretium iaculis, diam erat fermentum justo, nec condimentum neque sapien placerat ante. Nulla justo.');
insert into review (userID, workID, rating, feedback) values (27, 26, 0, 'Duis bibendum, felis sed interdum venenatis, turpis enim blandit mi, in porttitor pede justo eu massa. Donec dapibus. Duis at velit eu est congue elementum.

In hac habitasse platea dictumst. Morbi vestibulum, velit id pretium iaculis, diam erat fermentum justo, nec condimentum neque sapien placerat ante. Nulla justo.

Aliquam quis turpis eget elit sodales scelerisque. Mauris sit amet eros. Suspendisse accumsan tortor quis turpis.');
insert into review (userID, workID, rating, feedback) values (34, 34, 2, 'Maecenas tristique, est et tempus semper, est quam pharetra magna, ac consequat metus sapien ut nunc. Vestibulum ante ipsum primis in faucibus orci luctus et ultrices posuere cubilia Curae; Mauris viverra diam vitae quam. Suspendisse potenti.

Nullam porttitor lacus at turpis. Donec posuere metus vitae ipsum. Aliquam non mauris.');
insert into review (userID, workID, rating, feedback) values (27, 31, 8, 'Aenean fermentum. Donec ut mauris eget massa tempor convallis. Nulla neque libero, convallis eget, eleifend luctus, ultricies eu, nibh.

Quisque id justo sit amet sapien dignissim vestibulum. Vestibulum ante ipsum primis in faucibus orci luctus et ultrices posuere cubilia Curae; Nulla dapibus dolor vel est. Donec odio justo, sollicitudin ut, suscipit a, feugiat et, eros.

Vestibulum ac est lacinia nisi venenatis tristique. Fusce congue, diam id ornare imperdiet, sapien urna pretium nisl, ut volutpat sapien arcu sed augue. Aliquam erat volutpat.');
insert into review (userID, workID, rating, feedback) values (4, 50, 8, 'Nullam sit amet turpis elementum ligula vehicula consequat. Morbi a ipsum. Integer a nibh.');
insert into review (userID, workID, rating, feedback) values (9, 14, 7, 'In sagittis dui vel nisl. Duis ac nibh. Fusce lacus purus, aliquet at, feugiat non, pretium quis, lectus.

Suspendisse potenti. In eleifend quam a odio. In hac habitasse platea dictumst.');
insert into review (userID, workID, rating, feedback) values (38, 77, 5, 'Nam ultrices, libero non mattis pulvinar, nulla pede ullamcorper augue, a suscipit nulla elit ac nulla. Sed vel enim sit amet nunc viverra dapibus. Nulla suscipit ligula in lacus.

Curabitur at ipsum ac tellus semper interdum. Mauris ullamcorper purus sit amet nulla. Quisque arcu libero, rutrum ac, lobortis vel, dapibus at, diam.');
insert into review (userID, workID, rating, feedback) values (39, 46, 5, 'Vestibulum ac est lacinia nisi venenatis tristique. Fusce congue, diam id ornare imperdiet, sapien urna pretium nisl, ut volutpat sapien arcu sed augue. Aliquam erat volutpat.

In congue. Etiam justo. Etiam pretium iaculis justo.

In hac habitasse platea dictumst. Etiam faucibus cursus urna. Ut tellus.');
insert into review (userID, workID, rating, feedback) values (8, 26, 92, 'Morbi porttitor lorem id ligula. Suspendisse ornare consequat lectus. In est risus, auctor sed, tristique in, tempus sit amet, sem.

Fusce consequat. Nulla nisl. Nunc nisl.

Duis bibendum, felis sed interdum venenatis, turpis enim blandit mi, in porttitor pede justo eu massa. Donec dapibus. Duis at velit eu est congue elementum.');
insert into review (userID, workID, rating, feedback) values (35, 72, 31, 'In sagittis dui vel nisl. Duis ac nibh. Fusce lacus purus, aliquet at, feugiat non, pretium quis, lectus.');
insert into review (userID, workID, rating, feedback) values (8, 67, 76, 'Cras mi pede, malesuada in, imperdiet et, commodo vulputate, justo. In blandit ultrices enim. Lorem ipsum dolor sit amet, consectetuer adipiscing elit.');
insert into review (userID, workID, rating, feedback) values (39, 31, 58, 'In congue. Etiam justo. Etiam pretium iaculis justo.

In hac habitasse platea dictumst. Etiam faucibus cursus urna. Ut tellus.

Nulla ut erat id mauris vulputate elementum. Nullam varius. Nulla facilisi.');
insert into review (userID, workID, rating, feedback) values (45, 84, 43, 'Phasellus in felis. Donec semper sapien a libero. Nam dui.

Proin leo odio, porttitor id, consequat in, consequat ut, nulla. Sed accumsan felis. Ut at dolor quis odio consequat varius.');
insert into review (userID, workID, rating, feedback) values (39, 23, 11, 'Phasellus sit amet erat. Nulla tempus. Vivamus in felis eu sapien cursus vestibulum.

Proin eu mi. Nulla ac enim. In tempor, turpis nec euismod scelerisque, quam turpis adipiscing lorem, vitae mattis nibh ligula nec sem.');
insert into review (userID, workID, rating, feedback) values (27, 36, 97, 'Duis bibendum, felis sed interdum venenatis, turpis enim blandit mi, in porttitor pede justo eu massa. Donec dapibus. Duis at velit eu est congue elementum.

In hac habitasse platea dictumst. Morbi vestibulum, velit id pretium iaculis, diam erat fermentum justo, nec condimentum neque sapien placerat ante. Nulla justo.

Aliquam quis turpis eget elit sodales scelerisque. Mauris sit amet eros. Suspendisse accumsan tortor quis turpis.');
insert into review (userID, workID, rating, feedback) values (45, 25, 78, 'Aliquam quis turpis eget elit sodales scelerisque. Mauris sit amet eros. Suspendisse accumsan tortor quis turpis.');
insert into review (userID, workID, rating, feedback) values (9, 86, 21, 'Pellentesque at nulla. Suspendisse potenti. Cras in purus eu magna vulputate luctus.');
insert into review (userID, workID, rating, feedback) values (22, 53, 92, 'In hac habitasse platea dictumst. Morbi vestibulum, velit id pretium iaculis, diam erat fermentum justo, nec condimentum neque sapien placerat ante. Nulla justo.

Aliquam quis turpis eget elit sodales scelerisque. Mauris sit amet eros. Suspendisse accumsan tortor quis turpis.');
insert into review (userID, workID, rating, feedback) values (39, 45, 22, 'In hac habitasse platea dictumst. Morbi vestibulum, velit id pretium iaculis, diam erat fermentum justo, nec condimentum neque sapien placerat ante. Nulla justo.');
insert into review (userID, workID, rating, feedback) values (15, 61, 13, 'In congue. Etiam justo. Etiam pretium iaculis justo.');
insert into review (userID, workID, rating, feedback) values (45, 71, 17, 'Etiam vel augue. Vestibulum rutrum rutrum neque. Aenean auctor gravida sem.

Praesent id massa id nisl venenatis lacinia. Aenean sit amet justo. Morbi ut odio.

Cras mi pede, malesuada in, imperdiet et, commodo vulputate, justo. In blandit ultrices enim. Lorem ipsum dolor sit amet, consectetuer adipiscing elit.');
insert into review (userID, workID, rating, feedback) values (27, 49, 82, 'Sed ante. Vivamus tortor. Duis mattis egestas metus.');
insert into review (userID, workID, rating, feedback) values (45, 27, 11, 'In sagittis dui vel nisl. Duis ac nibh. Fusce lacus purus, aliquet at, feugiat non, pretium quis, lectus.');
insert into review (userID, workID, rating, feedback) values (35, 25, 47, 'Phasellus sit amet erat. Nulla tempus. Vivamus in felis eu sapien cursus vestibulum.

Proin eu mi. Nulla ac enim. In tempor, turpis nec euismod scelerisque, quam turpis adipiscing lorem, vitae mattis nibh ligula nec sem.

Duis aliquam convallis nunc. Proin at turpis a pede posuere nonummy. Integer non velit.');
insert into review (userID, workID, rating, feedback) values (38, 68, 65, 'Integer ac leo. Pellentesque ultrices mattis odio. Donec vitae nisi.

Nam ultrices, libero non mattis pulvinar, nulla pede ullamcorper augue, a suscipit nulla elit ac nulla. Sed vel enim sit amet nunc viverra dapibus. Nulla suscipit ligula in lacus.

Curabitur at ipsum ac tellus semper interdum. Mauris ullamcorper purus sit amet nulla. Quisque arcu libero, rutrum ac, lobortis vel, dapibus at, diam.');
insert into review (userID, workID, rating, feedback) values (15, 75, 10, 'Suspendisse potenti. In eleifend quam a odio. In hac habitasse platea dictumst.');
insert into review (userID, workID, rating, feedback) values (45, 69, 65, 'Morbi non lectus. Aliquam sit amet diam in magna bibendum imperdiet. Nullam orci pede, venenatis non, sodales sed, tincidunt eu, felis.

Fusce posuere felis sed lacus. Morbi sem mauris, laoreet ut, rhoncus aliquet, pulvinar sed, nisl. Nunc rhoncus dui vel sem.');
insert into review (userID, workID, rating, feedback) values (29, 70, 37, 'In hac habitasse platea dictumst. Etiam faucibus cursus urna. Ut tellus.

Nulla ut erat id mauris vulputate elementum. Nullam varius. Nulla facilisi.

Cras non velit nec nisi vulputate nonummy. Maecenas tincidunt lacus at velit. Vivamus vel nulla eget eros elementum pellentesque.');
insert into review (userID, workID, rating, feedback) values (32, 23, 0, 'Aenean lectus. Pellentesque eget nunc. Donec quis orci eget orci vehicula condimentum.

Curabitur in libero ut massa volutpat convallis. Morbi odio odio, elementum eu, interdum eu, tincidunt in, leo. Maecenas pulvinar lobortis est.

Phasellus sit amet erat. Nulla tempus. Vivamus in felis eu sapien cursus vestibulum.');
insert into review (userID, workID, rating, feedback) values (32, 35, 19, 'Lorem ipsum dolor sit amet, consectetuer adipiscing elit. Proin risus. Praesent lectus.

Vestibulum quam sapien, varius ut, blandit non, interdum in, ante. Vestibulum ante ipsum primis in faucibus orci luctus et ultrices posuere cubilia Curae; Duis faucibus accumsan odio. Curabitur convallis.');
insert into review (userID, workID, rating, feedback) values (27, 11, 87, 'Sed ante. Vivamus tortor. Duis mattis egestas metus.');
insert into review (userID, workID, rating, feedback) values (38, 23, 60, 'Sed sagittis. Nam congue, risus semper porta volutpat, quam pede lobortis ligula, sit amet eleifend pede libero quis orci. Nullam molestie nibh in lectus.

Pellentesque at nulla. Suspendisse potenti. Cras in purus eu magna vulputate luctus.

Cum sociis natoque penatibus et magnis dis parturient montes, nascetur ridiculus mus. Vivamus vestibulum sagittis sapien. Cum sociis natoque penatibus et magnis dis parturient montes, nascetur ridiculus mus.');
insert into review (userID, workID, rating, feedback) values (16, 4, 94, 'Phasellus sit amet erat. Nulla tempus. Vivamus in felis eu sapien cursus vestibulum.

Proin eu mi. Nulla ac enim. In tempor, turpis nec euismod scelerisque, quam turpis adipiscing lorem, vitae mattis nibh ligula nec sem.

Duis aliquam convallis nunc. Proin at turpis a pede posuere nonummy. Integer non velit.');
insert into review (userID, workID, rating, feedback) values (27, 67, 20, 'Vestibulum ac est lacinia nisi venenatis tristique. Fusce congue, diam id ornare imperdiet, sapien urna pretium nisl, ut volutpat sapien arcu sed augue. Aliquam erat volutpat.

In congue. Etiam justo. Etiam pretium iaculis justo.

In hac habitasse platea dictumst. Etiam faucibus cursus urna. Ut tellus.');
insert into review (userID, workID, rating, feedback) values (29, 36, 49, 'Proin eu mi. Nulla ac enim. In tempor, turpis nec euismod scelerisque, quam turpis adipiscing lorem, vitae mattis nibh ligula nec sem.

Duis aliquam convallis nunc. Proin at turpis a pede posuere nonummy. Integer non velit.

Donec diam neque, vestibulum eget, vulputate ut, ultrices vel, augue. Vestibulum ante ipsum primis in faucibus orci luctus et ultrices posuere cubilia Curae; Donec pharetra, magna vestibulum aliquet ultrices, erat tortor sollicitudin mi, sit amet lobortis sapien sapien non mi. Integer ac neque.');
insert into review (userID, workID, rating, feedback) values (32, 20, 7, 'Mauris enim leo, rhoncus sed, vestibulum sit amet, cursus id, turpis. Integer aliquet, massa id lobortis convallis, tortor risus dapibus augue, vel accumsan tellus nisi eu orci. Mauris lacinia sapien quis libero.

Nullam sit amet turpis elementum ligula vehicula consequat. Morbi a ipsum. Integer a nibh.');
insert into review (userID, workID, rating, feedback) values (29, 66, 82, 'In sagittis dui vel nisl. Duis ac nibh. Fusce lacus purus, aliquet at, feugiat non, pretium quis, lectus.

Suspendisse potenti. In eleifend quam a odio. In hac habitasse platea dictumst.');
insert into review (userID, workID, rating, feedback) values (9, 87, 60, 'Cras non velit nec nisi vulputate nonummy. Maecenas tincidunt lacus at velit. Vivamus vel nulla eget eros elementum pellentesque.');
insert into review (userID, workID, rating, feedback) values (9, 58, 84, 'Aenean fermentum. Donec ut mauris eget massa tempor convallis. Nulla neque libero, convallis eget, eleifend luctus, ultricies eu, nibh.

Quisque id justo sit amet sapien dignissim vestibulum. Vestibulum ante ipsum primis in faucibus orci luctus et ultrices posuere cubilia Curae; Nulla dapibus dolor vel est. Donec odio justo, sollicitudin ut, suscipit a, feugiat et, eros.

Vestibulum ac est lacinia nisi venenatis tristique. Fusce congue, diam id ornare imperdiet, sapien urna pretium nisl, ut volutpat sapien arcu sed augue. Aliquam erat volutpat.');
insert into review (userID, workID, rating, feedback) values (16, 26, 52, 'Praesent blandit. Nam nulla. Integer pede justo, lacinia eget, tincidunt eget, tempus vel, pede.

Morbi porttitor lorem id ligula. Suspendisse ornare consequat lectus. In est risus, auctor sed, tristique in, tempus sit amet, sem.');
insert into review (userID, workID, rating, feedback) values (32, 53, 84, 'In quis justo. Maecenas rhoncus aliquam lacus. Morbi quis tortor id nulla ultrices aliquet.');
insert into review (userID, workID, rating, feedback) values (39, 71, 74, 'Fusce consequat. Nulla nisl. Nunc nisl.');
insert into review (userID, workID, rating, feedback) values (29, 79, 89, 'Donec diam neque, vestibulum eget, vulputate ut, ultrices vel, augue. Vestibulum ante ipsum primis in faucibus orci luctus et ultrices posuere cubilia Curae; Donec pharetra, magna vestibulum aliquet ultrices, erat tortor sollicitudin mi, sit amet lobortis sapien sapien non mi. Integer ac neque.');
insert into review (userID, workID, rating, feedback) values (35, 56, 10, 'Phasellus in felis. Donec semper sapien a libero. Nam dui.');
insert into review (userID, workID, rating, feedback) values (28, 82, 36, 'Vestibulum quam sapien, varius ut, blandit non, interdum in, ante. Vestibulum ante ipsum primis in faucibus orci luctus et ultrices posuere cubilia Curae; Duis faucibus accumsan odio. Curabitur convallis.

Duis consequat dui nec nisi volutpat eleifend. Donec ut dolor. Morbi vel lectus in quam fringilla rhoncus.');
insert into review (userID, workID, rating, feedback) values (30, 30, 93, 'Praesent id massa id nisl venenatis lacinia. Aenean sit amet justo. Morbi ut odio.');
insert into review (userID, workID, rating, feedback) values (25, 10, 42, 'Fusce consequat. Nulla nisl. Nunc nisl.

Duis bibendum, felis sed interdum venenatis, turpis enim blandit mi, in porttitor pede justo eu massa. Donec dapibus. Duis at velit eu est congue elementum.');
insert into review (userID, workID, rating, feedback) values (28, 4, 70, 'Aenean lectus. Pellentesque eget nunc. Donec quis orci eget orci vehicula condimentum.

Curabitur in libero ut massa volutpat convallis. Morbi odio odio, elementum eu, interdum eu, tincidunt in, leo. Maecenas pulvinar lobortis est.');
insert into review (userID, workID, rating, feedback) values (47, 48, 66, 'Vestibulum quam sapien, varius ut, blandit non, interdum in, ante. Vestibulum ante ipsum primis in faucibus orci luctus et ultrices posuere cubilia Curae; Duis faucibus accumsan odio. Curabitur convallis.

Duis consequat dui nec nisi volutpat eleifend. Donec ut dolor. Morbi vel lectus in quam fringilla rhoncus.

Mauris enim leo, rhoncus sed, vestibulum sit amet, cursus id, turpis. Integer aliquet, massa id lobortis convallis, tortor risus dapibus augue, vel accumsan tellus nisi eu orci. Mauris lacinia sapien quis libero.');
insert into review (userID, workID, rating, feedback) values (39, 62, 45, 'Donec diam neque, vestibulum eget, vulputate ut, ultrices vel, augue. Vestibulum ante ipsum primis in faucibus orci luctus et ultrices posuere cubilia Curae; Donec pharetra, magna vestibulum aliquet ultrices, erat tortor sollicitudin mi, sit amet lobortis sapien sapien non mi. Integer ac neque.

Duis bibendum. Morbi non quam nec dui luctus rutrum. Nulla tellus.

In sagittis dui vel nisl. Duis ac nibh. Fusce lacus purus, aliquet at, feugiat non, pretium quis, lectus.');
insert into review (userID, workID, rating, feedback) values (28, 71, 98, 'Lorem ipsum dolor sit amet, consectetuer adipiscing elit. Proin risus. Praesent lectus.

Vestibulum quam sapien, varius ut, blandit non, interdum in, ante. Vestibulum ante ipsum primis in faucibus orci luctus et ultrices posuere cubilia Curae; Duis faucibus accumsan odio. Curabitur convallis.');
insert into review (userID, workID, rating, feedback) values (39, 16, 12, 'Duis aliquam convallis nunc. Proin at turpis a pede posuere nonummy. Integer non velit.');
insert into review (userID, workID, rating, feedback) values (33, 47, 9, 'Donec diam neque, vestibulum eget, vulputate ut, ultrices vel, augue. Vestibulum ante ipsum primis in faucibus orci luctus et ultrices posuere cubilia Curae; Donec pharetra, magna vestibulum aliquet ultrices, erat tortor sollicitudin mi, sit amet lobortis sapien sapien non mi. Integer ac neque.

Duis bibendum. Morbi non quam nec dui luctus rutrum. Nulla tellus.

In sagittis dui vel nisl. Duis ac nibh. Fusce lacus purus, aliquet at, feugiat non, pretium quis, lectus.');
insert into review (userID, workID, rating, feedback) values (47, 85, 50, 'Cras non velit nec nisi vulputate nonummy. Maecenas tincidunt lacus at velit. Vivamus vel nulla eget eros elementum pellentesque.');
insert into review (userID, workID, rating, feedback) values (32, 67, 57, 'Fusce consequat. Nulla nisl. Nunc nisl.

Duis bibendum, felis sed interdum venenatis, turpis enim blandit mi, in porttitor pede justo eu massa. Donec dapibus. Duis at velit eu est congue elementum.');
insert into review (userID, workID, rating, feedback) values (27, 22, 68, 'Proin eu mi. Nulla ac enim. In tempor, turpis nec euismod scelerisque, quam turpis adipiscing lorem, vitae mattis nibh ligula nec sem.');
insert into review (userID, workID, rating, feedback) values (8, 10, 3, 'Lorem ipsum dolor sit amet, consectetuer adipiscing elit. Proin risus. Praesent lectus.

Vestibulum quam sapien, varius ut, blandit non, interdum in, ante. Vestibulum ante ipsum primis in faucibus orci luctus et ultrices posuere cubilia Curae; Duis faucibus accumsan odio. Curabitur convallis.');
insert into review (userID, workID, rating, feedback) values (15, 72, 78, 'Lorem ipsum dolor sit amet, consectetuer adipiscing elit. Proin risus. Praesent lectus.

Vestibulum quam sapien, varius ut, blandit non, interdum in, ante. Vestibulum ante ipsum primis in faucibus orci luctus et ultrices posuere cubilia Curae; Duis faucibus accumsan odio. Curabitur convallis.

Duis consequat dui nec nisi volutpat eleifend. Donec ut dolor. Morbi vel lectus in quam fringilla rhoncus.');
insert into review (userID, workID, rating, feedback) values (30, 68, 89, 'In hac habitasse platea dictumst. Etiam faucibus cursus urna. Ut tellus.

Nulla ut erat id mauris vulputate elementum. Nullam varius. Nulla facilisi.

Cras non velit nec nisi vulputate nonummy. Maecenas tincidunt lacus at velit. Vivamus vel nulla eget eros elementum pellentesque.');
insert into review (userID, workID, rating, feedback) values (27, 42, 48, 'Lorem ipsum dolor sit amet, consectetuer adipiscing elit. Proin risus. Praesent lectus.

Vestibulum quam sapien, varius ut, blandit non, interdum in, ante. Vestibulum ante ipsum primis in faucibus orci luctus et ultrices posuere cubilia Curae; Duis faucibus accumsan odio. Curabitur convallis.');
insert into review (userID, workID, rating, feedback) values (39, 86, 4, 'Quisque id justo sit amet sapien dignissim vestibulum. Vestibulum ante ipsum primis in faucibus orci luctus et ultrices posuere cubilia Curae; Nulla dapibus dolor vel est. Donec odio justo, sollicitudin ut, suscipit a, feugiat et, eros.

Vestibulum ac est lacinia nisi venenatis tristique. Fusce congue, diam id ornare imperdiet, sapien urna pretium nisl, ut volutpat sapien arcu sed augue. Aliquam erat volutpat.');
insert into review (userID, workID, rating, feedback) values (32, 19, 9, 'Suspendisse potenti. In eleifend quam a odio. In hac habitasse platea dictumst.

Maecenas ut massa quis augue luctus tincidunt. Nulla mollis molestie lorem. Quisque ut erat.');
insert into review (userID, workID, rating, feedback) values (39, 78, 42, 'Phasellus sit amet erat. Nulla tempus. Vivamus in felis eu sapien cursus vestibulum.

Proin eu mi. Nulla ac enim. In tempor, turpis nec euismod scelerisque, quam turpis adipiscing lorem, vitae mattis nibh ligula nec sem.

Duis aliquam convallis nunc. Proin at turpis a pede posuere nonummy. Integer non velit.');
insert into review (userID, workID, rating, feedback) values (32, 69, 74, 'Proin leo odio, porttitor id, consequat in, consequat ut, nulla. Sed accumsan felis. Ut at dolor quis odio consequat varius.

Integer ac leo. Pellentesque ultrices mattis odio. Donec vitae nisi.');
insert into review (userID, workID, rating, feedback) values (47, 12, 72, 'Phasellus sit amet erat. Nulla tempus. Vivamus in felis eu sapien cursus vestibulum.');
insert into review (userID, workID, rating, feedback) values (26, 30, 32, 'Praesent id massa id nisl venenatis lacinia. Aenean sit amet justo. Morbi ut odio.

Cras mi pede, malesuada in, imperdiet et, commodo vulputate, justo. In blandit ultrices enim. Lorem ipsum dolor sit amet, consectetuer adipiscing elit.');
insert into review (userID, workID, rating, feedback) values (33, 27, 86, 'Maecenas ut massa quis augue luctus tincidunt. Nulla mollis molestie lorem. Quisque ut erat.

Curabitur gravida nisi at nibh. In hac habitasse platea dictumst. Aliquam augue quam, sollicitudin vitae, consectetuer eget, rutrum at, lorem.

Integer tincidunt ante vel ipsum. Praesent blandit lacinia erat. Vestibulum sed magna at nunc commodo placerat.');
insert into review (userID, workID, rating, feedback) values (34, 25, 69, 'Proin eu mi. Nulla ac enim. In tempor, turpis nec euismod scelerisque, quam turpis adipiscing lorem, vitae mattis nibh ligula nec sem.

Duis aliquam convallis nunc. Proin at turpis a pede posuere nonummy. Integer non velit.

Donec diam neque, vestibulum eget, vulputate ut, ultrices vel, augue. Vestibulum ante ipsum primis in faucibus orci luctus et ultrices posuere cubilia Curae; Donec pharetra, magna vestibulum aliquet ultrices, erat tortor sollicitudin mi, sit amet lobortis sapien sapien non mi. Integer ac neque.');
insert into review (userID, workID, rating, feedback) values (39, 33, 8, 'Cras non velit nec nisi vulputate nonummy. Maecenas tincidunt lacus at velit. Vivamus vel nulla eget eros elementum pellentesque.');
insert into review (userID, workID, rating, feedback) values (27, 47, 23, 'Cras non velit nec nisi vulputate nonummy. Maecenas tincidunt lacus at velit. Vivamus vel nulla eget eros elementum pellentesque.');
insert into review (userID, workID, rating, feedback) values (30, 5, 83, 'Curabitur at ipsum ac tellus semper interdum. Mauris ullamcorper purus sit amet nulla. Quisque arcu libero, rutrum ac, lobortis vel, dapibus at, diam.');
insert into review (userID, workID, rating, feedback) values (8, 37, 3, 'In hac habitasse platea dictumst. Etiam faucibus cursus urna. Ut tellus.

Nulla ut erat id mauris vulputate elementum. Nullam varius. Nulla facilisi.

Cras non velit nec nisi vulputate nonummy. Maecenas tincidunt lacus at velit. Vivamus vel nulla eget eros elementum pellentesque.');
insert into review (userID, workID, rating, feedback) values (30, 37, 9, 'Integer ac leo. Pellentesque ultrices mattis odio. Donec vitae nisi.

Nam ultrices, libero non mattis pulvinar, nulla pede ullamcorper augue, a suscipit nulla elit ac nulla. Sed vel enim sit amet nunc viverra dapibus. Nulla suscipit ligula in lacus.');
insert into review (userID, workID, rating, feedback) values (39, 40, 11, 'Duis bibendum, felis sed interdum venenatis, turpis enim blandit mi, in porttitor pede justo eu massa. Donec dapibus. Duis at velit eu est congue elementum.

In hac habitasse platea dictumst. Morbi vestibulum, velit id pretium iaculis, diam erat fermentum justo, nec condimentum neque sapien placerat ante. Nulla justo.

Aliquam quis turpis eget elit sodales scelerisque. Mauris sit amet eros. Suspendisse accumsan tortor quis turpis.');
insert into review (userID, workID, rating, feedback) values (30, 25, 83, 'Aenean lectus. Pellentesque eget nunc. Donec quis orci eget orci vehicula condimentum.

Curabitur in libero ut massa volutpat convallis. Morbi odio odio, elementum eu, interdum eu, tincidunt in, leo. Maecenas pulvinar lobortis est.');
insert into review (userID, workID, rating, feedback) values (34, 86, 12, 'Duis bibendum. Morbi non quam nec dui luctus rutrum. Nulla tellus.

In sagittis dui vel nisl. Duis ac nibh. Fusce lacus purus, aliquet at, feugiat non, pretium quis, lectus.');
insert into review (userID, workID, rating, feedback) values (15, 32, 31, 'Proin leo odio, porttitor id, consequat in, consequat ut, nulla. Sed accumsan felis. Ut at dolor quis odio consequat varius.');
insert into review (userID, workID, rating, feedback) values (25, 5, 49, 'Suspendisse potenti. In eleifend quam a odio. In hac habitasse platea dictumst.');

insert into review (userID, workID, rating, feedback) values (2, 1, 50, 'Suspendisse potenti. In eleifend quam a odio. In hac habitasse platea dictumst.');
insert into review (userID, workID, rating, feedback) values (3, 1, 100, 'Suspendisse potenti. In eleifend quam a odio. In hac habitasse platea dictumst.');

insert into review_like (userID, reviewerID, workID, is_like) values (1, 2, 1, FALSE);
insert into review_like (userID, reviewerID, workID, is_like) values (1, 3, 1, TRUE);
